x1,x2,x3,x4,x5,noise1,noise2,noise3,noise4,noise5,noise6,noise7,noise8,noise9,noise10,noise11,noise12,noise13,noise14,noise15,noise16,y4
0.7739560485559633,0.6643135403273875,0.10774094595589656,7.884231117378642,28.98262621523946,0.6255903939673367,-0.49929559853915206,-1.062414411859563,0.989583934594853,0.5300647056014667,0.006339062362268442,-1.2444717876010754,0.5795611424764774,-0.3509523822179781,1.0258368428852387,-0.1034201135746335,-0.001919853176346149,0.8056786392425009,0.35203447180292424,1.484918786733851,0.3636981503429628,36.5023133852721
0.4388784397520523,0.4063868614400705,0.9160118451376079,4.605873846515291,16.893639813740737,-0.3093465397202384,-1.1849437664170246,-0.5294394273660737,-1.1783036231148656,-0.7046732628698824,2.5976737265958323,-0.8887973132309185,0.5245073752860862,-1.0222802816473295,0.0389132069014598,-0.02798245653021798,0.4080361768812668,0.6774013686923024,-0.9886271494346061,-1.0582810508376372,-0.21802912810442213,10.57545403568969
0.8585979199113825,0.8140203846660347,0.23021399089488082,9.020319639168722,33.076444560975574,0.45677523755741145,-0.9651167622323719,-0.8768607781675882,0.7823503424176613,-0.17961141383145854,0.2230797426252751,-0.07068038165207131,-1.4944056198193065,-0.09617893692333225,-0.8450453279691511,0.22555983951018072,1.6168743984986076,-0.9547918171308215,0.450317278043813,-1.322541133291679,1.193618571856377,38.30777620584212
0.6973680290593639,0.1669729199077039,0.03741255617617978,5.366795953858507,20.20509107238344,-0.6619259410666513,-0.7252260645357532,-0.09426255425255699,-0.19065105750515945,0.19677609665695725,1.4332145066061728,0.3342951284977145,0.6991967316948878,1.1280188573493026,-1.0836988273580606,0.9476496098482997,0.13102711619341956,0.973894128217401,0.003108550185636745,-0.4861941306990469,-2.1706154097954116,17.737860201471754
0.09417734788764953,0.022712073133860478,0.5548524693914834,0.7521373144176943,2.8294490479933154,-0.3630538465650718,2.1284697324351645,-1.7577283913566313,1.1712470934673194,0.8205284754174188,0.09152017817320818,0.051142058552161786,2.052684981945891,-2.280737845371923,0.3446049047503575,-1.1111049009175582,-1.0023439806908012,0.6985663453715051,-0.7498133382845175,0.42022670947458574,-2.0141025948652898,-0.5824190085074008
0.9756223516367559,0.09004786077564175,0.37092228386243875,6.940248146757632,26.335112156964467,-0.3817378939983291,-0.8213866792243861,-1.4670452453909906,0.7508689887312598,-0.3937411722245721,0.5807770953297967,-0.765535277429713,0.17196033243705985,-1.4966386899033264,0.379280034365163,-1.1719715929007948,-0.10972745169429012,0.10192588737265744,-0.2358293621748528,-0.10239670661109637,0.7958386552197739,31.11710244282852
0.761139701990353,0.7223593505964503,0.8297897431324132,8.019228763588103,29.404612880052007,-1.1958396455890397,0.838489203736345,2.129247112028298,1.8206461576468016,0.5211672557321126,-0.056783194392691534,0.9001845640199633,-0.33732516206850605,-0.9228864418952676,1.2873311116050654,-1.0933238578873825,-0.03561073619009093,-0.7623234580276522,-0.18417574651522164,-0.6505636204055921,0.06046844811736806,32.1645083518524
0.7860643052769538,0.4618772302513874,0.8082514720643018,7.134768344824825,26.464519649940534,0.4869724807855818,-0.9029271780870264,-1.287422581274031,0.7307746911386448,-0.265838791915379,-0.17040758116420443,0.7394126723009475,-0.1420032144075213,1.461178866720329,1.0999796503420836,0.2889166671687069,-1.3647416522015654,-0.85920601857557,-0.2701551293370962,-0.674212461724509,0.25044630026076065,32.728247424341376
0.12811363267554587,0.1612717790336018,0.31713889282271535,1.5221576572309237,5.540383382369345,-0.46940234020272387,0.9315730128742441,-1.0967855784546396,-1.5720402556532407,-0.11754216732813036,-0.7794823967254196,-0.159648307422017,0.6152567669685612,0.2825869829192965,-0.1322286565311721,1.2449473786464456,-0.25583207134082336,-0.5376625769030224,1.7713412422676835,-0.7123370644127087,-1.3263961033185487,8.903068392000339
0.45038593789556713,0.5010447751033635,0.952899395069745,5.0430589886324295,18.410362743599674,0.01249411872768743,0.38495096610586316,1.836913528321314,-0.06695317289820084,0.829519042024073,0.4303013589575532,-0.652916144664712,-1.7306716055072182,0.7673172404612268,-1.2442058788608694,-0.4313394382395105,-0.7421920939974367,0.54259446329196,-0.09844600230787963,-0.8795096286589426,-0.023233710850366202,17.709042374556983
0.37079802423258124,0.15231210271316842,0.2909178381401186,3.1261917244899666,11.674635262740216,0.48074665890590895,-0.1566378976580904,2.905067169240407,-1.172007192594816,-1.993060371054156,-0.8515371891857679,0.5484279208297995,0.16439070297730224,-1.1401609191262305,-0.31910659701089783,-2.5016998441596545,0.9243577571874341,-0.9556251674013979,-0.24389611017733773,2.2816328772760617,2.003509410401342,6.94847605377373
0.9267649888486018,0.696320375077736,0.5150571292317145,9.037981457184193,33.3261029691336,0.4465311760299441,-0.040762526135434025,-1.1715666288253417,-0.5182798423662747,-1.296472328074761,0.6655852363134291,0.18797358748610446,-0.3904639494628101,-1.1195358752705262,0.21723119481052466,-1.7039928626103755,0.03461187418525562,0.4375122486198699,-2.0974509576101417,0.2975110711855549,0.8241996197958629,42.33815452525747
0.6438651200806645,0.4461562755740307,0.25596509056760275,6.12121625094039,22.621905570711373,0.6653851089727862,-0.6547876954293904,-0.36824895678803055,1.5112284332767216,-1.4821853974428207,1.08528700444591,-1.4481272594150476,1.8478250129560454,0.4478137167227104,-0.2020832453894041,-0.8330367227960116,-0.28279574914757005,-1.2417555288783926,-0.8942073519794773,0.8867590544047386,0.1697065451428121,29.716014964954585
0.82276161327083,0.3810212260964825,0.9360435700489633,7.048979691448059,26.27887065876498,-0.09848548450942361,0.44607220148208054,0.34155555094050954,0.637533810897696,-2.3336161198483047,0.36653140723722993,-0.0679802559844049,-0.17417273380495787,0.05827433093544655,-0.5778941080776558,-0.5577288874952148,-0.10618193062257626,-0.20406858443884895,-0.26307342445635284,-0.4890774681189237,-0.43905391010493766,29.262358977440904
0.44341419882733113,0.3015120891478765,0.16460781758201815,4.188756606884504,15.484653248496855,-0.42329831204415375,-0.45498348034078,1.7286976444055924,-0.6989304285787463,-0.6782644401551767,-0.28624873355569186,0.26203581207438104,1.6678876111195198,0.5487388188641266,0.2528848149698989,-0.4083886272547264,0.22312201840616613,0.10964775457400863,-0.6858526761766428,-0.18595667718604886,-0.39457285186939384,22.212618217726792
0.2272387217847769,0.6302825931188885,0.04491061939232899,4.0809305224457315,14.517575994718282,-0.07971821090639905,-1.2256057637672482,-0.9868570784282374,-1.013717366440399,0.7494338997277404,0.4539655793086961,-0.8996947864877538,-1.1037406977820072,-0.18767099092845213,-0.5039577414106104,0.038581122980917065,0.6168141996897798,2.4451301450589167,1.381707593377797,-0.713553981370355,-2.1291978892000176,15.661606997571774
0.5545847870158348,0.3618126105533904,0.43509706000303794,5.20379695339085,19.246698002655528,-1.6873344339580298,-1.2779375743196193,-0.24527784594210975,0.03278209287626079,-0.28488406638257474,-0.3086730555464126,0.189843392837443,0.5872591668027922,0.278143726454627,-0.628066083725374,-0.3117463308224471,-0.9997122286693814,-1.3773156555203674,-0.16493777539621862,-2.651708334919202,0.2576404209211606,28.49104454052589
0.06381725610417532,0.087649919316101,0.992375564055837,0.7834391971550849,2.849638743701694,-1.4471124724230873,0.17258791772211948,0.777337576061744,-1.2165601493811278,0.19779008194185213,0.9355471254651493,-1.4548224852577891,0.3194002637912288,0.15811908490510918,0.31145283430343956,1.0493396105434072,-1.0415876326212719,1.4720145664901334,1.2884442493182524,-1.3780092768478662,0.8454831084818539,-5.461388412640308
0.8276311719925821,0.11800590212051532,0.891677266254914,6.02048040368012,22.78784558627987,-1.3226996123544024,1.579091256410435,0.43476607446661863,-0.6711402773965811,1.0892174967107926,-1.8314060842151236,1.3361861000121709,-0.8690472478647824,0.7777673890849254,-0.4019925801292048,-0.6760173056813688,1.10467921540253,0.14984241398728004,0.061704634050368024,-1.8106186799803947,-1.5756193271706151,26.06314592694119
0.6316643991220648,0.9618976645495145,0.7486080194569492,8.109463815503716,29.350196688481418,-0.9972468276014818,0.15999161357343825,-0.37615607123009925,0.31200947155124387,1.3276861322676916,-0.3356073681186462,1.2479499850594318,0.17739611463694044,0.8070082819444706,0.24410438897835213,-0.862317959475543,-0.4123368722047306,0.41117191801596314,0.037227836421576635,-2.2497837779516074,-0.661416892306816,29.096109484360653
0.7580877400853738,0.908580690707607,0.8907924908785249,8.720819283612068,31.77480531582045,0.3997742267234366,-0.11863832610988256,-0.13382296451604114,1.1553120361066962,-0.06913793472613955,-1.9908119951239978,-0.25251733430296475,1.2125188368316004,-1.6198719943917699,0.2732040228521227,0.4788755385204616,-1.416842092596874,0.11834791338820451,-0.08879644771250095,-1.1953589742981028,-1.157464632233422,33.52797669766237
0.35452596812986836,0.6997071338107496,0.8934466396978632,5.2153857312359335,18.7345729994249,-0.9054790553600608,0.2858261396025429,-1.3748958083699818,0.6087614722244398,1.3535858895693973,-1.495060830227205,0.36345433783907316,-0.3237917042866007,-2.2472685553408556,-1.1394290010915746,-1.5356420699261193,0.44381270938310463,0.444726818195233,0.0037962516214591325,1.3249556793816308,-0.9653511948087635,23.808440221076474
0.9706980243949033,0.2658699614595196,0.5188583603864491,7.582673342980135,28.50705267619904,-0.3781625540393897,1.3060017417068248,-0.23817374397466523,-2.2912895085981,0.09212665843410921,1.3638622298139094,-2.409921965799875,-1.6919626491697632,1.0017453976515072,-0.4812411238654122,0.3896917053200022,0.4633698060326869,-0.15368510436201774,1.7187950030498593,-0.04443616770435442,0.05348162682190022,32.95662894528244
0.8931211213221977,0.9691763773477239,0.315929051830793,9.867810618898178,36.05723206400062,1.2992282977860654,0.21938250136385634,-0.2663874900089551,0.3043667290302598,-0.8373982238274621,0.895184981971686,-1.1563476602653329,-0.01756282647744591,1.1877250932619365,1.4377769399164624,0.10255318372626686,-1.5307152572567064,1.4540501814574582,-2.3196107267512183,1.290563762321174,-2.0844021549884744,48.11945420855881
0.7783834970737619,0.7787509039657946,0.772012432110988,8.376221569881755,30.666453370450796,-0.35626397106142593,-0.41092723083373717,0.23216988962625595,0.07203357323257792,-0.5944003521987352,-0.7194802332847904,-0.2937789201521298,-0.9024230947925126,-1.0206230195133374,-1.1620795127342871,-0.1474424899181674,0.2294817154636063,-0.4564711442247224,-2.001545744438679,0.4109825769008753,0.614270438357064,36.215654255415586
0.19463870785196757,0.7168901891589956,0.6616612631677611,4.179916685380928,14.764656260670497,0.7375155684670865,1.1062887100598888,-0.555327218819016,0.41389028537269307,-1.4805365125650163,-1.502503456040897,-1.0721330214268592,-0.3423409386638824,-1.8598354065456286,-2.116654448970531,1.5882761071492624,0.7355830924283736,1.1322345721792477,-0.5431708310561139,0.7825588257151592,0.7538550699336822,15.319229045511253
0.4667210037270342,0.44936150214378867,0.37365772887371007,4.93871273766318,18.107902389118685,-0.933617680009877,0.4287564384616135,0.471538522545139,1.6162096816512073,-0.8881338537336524,-2.964528837841651,0.7143964826306588,-0.08158776968512098,0.09903482100720092,-1.8618451532425115,-0.6222074452947179,0.37438645170626306,-0.6443671202130229,0.014527881937568883,-0.9008969953045751,-0.2511025880369125,25.576382635770912
0.04380376578722878,0.272241561845159,0.09446666806151527,1.390132147914672,4.851633680652517,-0.20543755786763002,1.535755991995992,1.0127158178198286,-2.063238276804743,-0.35801668807442916,-0.5434955079326346,1.997296530747994,-1.7056522160155172,0.9308382263505294,0.029109946576669203,2.0602981705240784,0.6319814837613953,-0.06025184640128695,0.6901044247640123,0.5239509541926708,-2.4807085099845416,5.255834636155512
0.15428949206754783,0.0963909621534993,0.746789611349026,1.4250779486498353,5.283176362152157,-0.9500220549105812,0.18323443722190613,0.15542932766846604,-0.5911034251911056,0.8035850193786016,2.4204150122474024,-1.176614719429302,-1.615658339320678,1.7975945224343146,0.03091727803269891,-0.2254314492280993,-1.404269098090749,-1.0719625522902192,0.4730871980274752,0.7287142340743459,-0.9964186260023896,-3.2106404527989696
0.6830489532424546,0.9026023965438417,0.2624605159228647,8.187894973716634,29.752330471691074,-0.3390330759005625,-1.2244690317205003,0.35175640839920347,0.5909063227933546,1.7207698311659838,0.4348842714636474,-0.8374634040851927,0.48206683552552526,0.516297572101451,-0.11761085542512094,-1.2770164449702281,0.3310401549961956,0.4550237203475199,-0.3842459128805702,-0.5766472922336929,1.2329019341026966,35.31667587316959
0.7447621559078171,0.45577628983361107,0.9368131505337792,6.815781374375032,25.265152366417237,0.8403081374573955,-1.368159199245665,0.053155347577867364,-1.5815943994539423,-1.38218151537704,-0.5595722860494895,0.23544836830993032,-0.5227186961696804,-0.37171669658569495,1.2141898289285016,0.0699195809948253,-0.30261975947044656,1.4451259569265338,1.0190436932417624,0.5595403706161663,-2.7779942807285725,28.765077384174916
0.96750973243421,0.20236336479523032,0.24097057500568475,7.300500740036921,27.532442679982246,-1.7273204231923487,1.6509279322312496,8.439309141418043e-05,1.475949048053509,0.39282746825991893,0.46508020950030626,1.6111161484996208,-2.564744341820567,-0.8931306215848627,-2.672834433102938,-1.0762452003187681,-0.4827901587246448,-0.07735617982085408,1.030195403152731,0.5661877585748329,-0.34752341219351923,35.37961638246765
0.32582535813815194,0.3059566241506525,0.12275793241148603,3.409525492759587,12.510347184284146,0.43442364354585733,1.723665720783297,-0.7215580335428474,0.3683566127006584,-1.0405439391575344,-1.5609583529944429,-1.2223743125399031,0.7848440366081351,0.011451291670654416,0.3959338744308236,-0.7517558478135002,0.8705556094197265,-0.19688569870390954,0.18405783127156553,-0.5495526211300829,-1.180000778467259,10.987768665695839
0.3704597060348689,0.579219568941896,0.8311126721249061,4.828515497006754,17.459964171860932,0.2377356023322779,-0.17951921328260065,0.316494261673308,0.846583985843404,0.47469708846320197,-0.29732336269763543,0.24903612230694197,0.27236975527423984,-0.2992647038852564,1.5614382018035733,0.39703330001549114,1.47927451067423,-1.1146169630679268,0.9626575724868413,-1.122768432270995,0.8045703015848366,15.688214301575812
0.4695558112758079,0.1767727829392317,0.15328431662449404,3.8871507936448157,14.535728821494448,-0.5941499556967944,-0.38318732113598775,-0.09728659841348947,-0.5709436615217945,-0.1310866506877266,0.09947747301573849,1.8212988508131087,-0.713874824036484,-1.0150679057288161,-1.127780764891714,0.5555820886501248,1.794370054600359,-0.2292926535523081,0.2726452634321288,-1.1841283318982723,-0.6751139521434614,16.21615683831812
0.1894713590842857,0.8566142840923755,0.1792683081577391,4.7155967650758175,16.568775124448912,-1.4460578543884546,1.4614442922422022,2.093168308930595,0.8137636899662105,-1.8309058258475304,-0.08610065182104851,-1.6517591481792673,-1.3168302110582415,2.0487556508632867,-0.3798065117898951,-0.6221677002542582,1.314807871505905,-1.5927942597215277,-0.5614830267828836,0.08650554192146179,0.40395402073561154,20.113240729655956
0.12992150533547164,0.7585195298352101,0.5993827915208435,3.9204517599361033,13.700955432622138,0.07212950771386951,-1.107045682043488,1.5733549024752425,1.0684715559890383,0.9282969915684843,0.7908061216900806,-1.281069206845832,0.8358078963143372,1.785168402072131,-0.7528919172286209,0.9874051450464006,-0.10973418163018368,-0.9128779867188273,0.6978168390000047,0.3270098687893148,0.5654604191690931,10.574233177379092
0.47570492622593374,0.7194629559509368,0.8745620408374645,6.090301141368614,22.046990121251017,-0.5294927090638024,-0.8947270189558264,0.3858465525565008,0.23287802013716835,-0.605000712808731,0.34464522623605237,-0.42360660646083825,0.3493506225604296,1.1360486835554284,-0.8943460460775288,1.157507758021134,0.35272016302634307,0.22678604610913541,0.11061312257867771,-0.7925258304579145,1.83622583973002,21.77541037780637
0.2269093490508841,0.4320930397751037,0.19643466571457324,3.292415044853069,11.834478861998663,0.23267621135470395,0.6433267946890444,-0.7630572096947675,0.23440089269869593,-0.5339002383735546,0.668326018107997,-0.520588412855411,2.3826022826840734,-0.9208503978091276,-0.32626200502304,1.436301756563291,0.7668228717842437,1.3190131977413961,0.001339846754486929,0.02658534132609864,-0.20294194367537022,12.313412464654055
0.6698139946825103,0.6273088407024432,0.31032367290009477,7.039545708523703,25.815930528506843,0.02185214552344288,-0.3946051228595896,-1.112411471983418,0.2703432392817259,-1.06975241128969,-0.6883722822307594,0.8126012877536446,0.42018859872493736,0.8550193242972788,1.4274852836845047,0.5294134071257222,0.12117794929946196,2.809210861229503,1.4729535721895743,0.5705370361384854,0.37604436962261134,34.34779244602281
0.43715191887233074,0.5840979689127356,0.7774048382411776,5.267483485196197,19.142781584866498,1.6017788913209154,-0.005121866720071296,1.191142953088865,-0.8633452647393817,-0.6542832766875555,0.8978154084105481,0.24165971982083806,0.3877031412620148,0.6396264094979018,1.8373866754875203,1.3634287120856987,0.13076418791154437,-0.5865850850709007,-2.4508721285400865,0.6181907146653008,-1.485055479127436,22.81586823227653
0.8326781960578374,0.64984660155482,0.9718264260609674,8.187405240286617,30.169874101821453,-0.23935562747302427,-0.16344289852451258,0.2627492251471385,-0.14752868024035293,0.4278904406949172,1.6289369476239914,-1.7749620596421283,-0.16692793010856513,0.44254562420405297,-0.3359392250401477,-1.8807984279740577,0.823753131876182,1.43530015664544,-1.4176841701595697,1.5518801201224885,1.190413563293744,32.996942878507376
0.7002651020022491,0.08444432113988909,0.5007411862023423,5.041390711529845,19.102641740466773,-1.023497492621865,0.33757454879893356,0.4801434033916108,-0.1525225324523588,-0.18924434093640552,-0.9701495196514126,0.5154104029008109,0.816775867200791,1.2496652670437771,1.9050602140644701,-0.31790654862846257,-0.059282646025932216,0.2437524804016479,-1.18707042637437,1.2769808321980434,-0.7605088480713647,20.343764924423315
0.31236664138204107,0.41580740217060963,0.14389750255125078,3.7685554847337244,13.688592334083486,0.17927563495631615,1.4074818613137168,-1.7445859869741926,0.3833938643534951,0.32866200228248105,-0.8876956557145598,-0.5775388873556505,0.6250852012481537,0.6353711428612774,0.035576476984624864,-0.8670052563234263,-0.7292869363736615,-0.15124764674637586,-0.3632606475688056,-1.001291432756544,-0.5607541640877456,17.632906273275555
0.8322598013952011,0.04161417386189248,0.013936287708201545,5.771158997382556,21.958846667857657,0.21999668397176517,0.09058490690174555,0.9274384815581808,0.9998242469102946,0.3619218539288437,1.3357843363202329,1.274447216941239,1.251725008565195,0.7400142363043355,1.753691026701081,0.11922586112739209,-0.4144730658358585,0.4325944517261522,-0.2546081697660301,1.6835862095380225,-0.022247794849210738,25.814282338338053
0.8047643574968019,0.49399081924451893,0.22965602999885526,7.388697593491808,27.379098101871097,1.3591875752404365,0.6439387932768579,0.45442033821436295,-1.0585360819784093,1.320661655528167,-0.19134398669506028,-0.6275875364369197,-0.5213229186372847,0.6369062833722101,-0.09329864965349177,-0.5714492191967373,0.6339103777337424,0.06191648367995918,-1.5073256477730475,-0.5309765045557148,-1.5628843453398495,30.95697437354762
0.38747837903017446,0.3298612123327853,0.13182221778652103,3.91801269482969,14.413925837866852,0.8351112459145785,-2.0501721010310225,-1.110430684414478,-0.12500903031957764,-0.3427861508643793,1.403821392066557,-0.6366152831022357,-0.4354074729439623,0.3407914080021059,0.1310578260461443,-0.16615784194973238,0.002993291199955732,0.11039572561221853,-0.9851580323108263,1.0448728124544275,0.228770028928938,15.295749879576437
0.2883281039302441,0.1445241888660469,0.6776586736128575,2.5285757587198017,9.411188584785094,0.35687105914950934,-0.04871840193011795,-0.47152480744994896,1.4814555476589732,-1.4768578168457318,-0.4425357118921839,0.5411316108045314,-0.4791031709119801,-1.7836111297141835,0.36547447264283456,1.8821748802040494,0.34020997686833787,-0.4083331628266692,-0.8608416785235702,0.06798662605108885,0.9674662729250108,6.055101688766708
0.6824955039749755,0.10340296772255164,0.12183250462853112,5.012519394958424,18.956889731571852,1.4633028912195618,-0.8432302702928711,0.2637172043565196,-0.7435882288125641,1.067222416571983,1.4550455762707113,0.7629264823369366,0.7908017211789892,0.08362107741055723,3.1788536793675353,-0.1697197964203783,0.6700792422021898,-1.3981096597988507,2.457424092075892,-0.4121493784569676,0.2929338234972916,20.283393154265934
0.1397524836093098,0.587644572177712,0.506329931620633,3.29200352403841,11.593102601310274,-1.188763054322851,-1.218813060423628,0.05246679835624363,-0.8222500172903203,-0.3314881720972547,0.13148581680545218,0.4480993639362036,1.498374440296732,-0.5561919588491252,0.8512855748447891,0.4137923171902139,-0.3748414628976096,-1.5436252025220816,1.8017419477471466,-1.8076968597749328,-1.588897564178725,12.87603371286691
0.19990820247510832,0.1705929685368861,0.6942624356428865,2.0634297584201984,7.583029467029684,-0.6397515327497477,-0.8781523669287508,-0.292171185803555,0.20230619183119358,1.114592444577377,0.2582288233226952,-1.6855973173848082,-0.45884049314930064,-1.2798409576400205,-0.7072645299514636,-0.2322693299242352,0.7562481636298061,0.653244883281227,-0.4117494176846493,-0.1715645102163482,-0.12380929432965958,7.7245286678657
0.007362269751005512,0.9251201183767972,0.5811166092209024,3.752405774162181,12.781499336863332,-0.9265759414055249,-0.33412344070081207,-0.10348826806596086,0.8443851904853201,0.3833771131824704,1.5647180216699044,0.5380344399282511,-0.42477372779309125,1.681816619300824,0.9689978702758579,0.07571328795683367,0.37884260345839443,-0.2767000900857134,-0.3635832903067989,-1.559383235305609,0.7420289029794906,9.066214384676464
0.7869243775021384,0.581061139700395,0.19977565166005762,7.64287998151681,28.19282211434086,-0.38980980315576796,0.9159025423560131,-0.25197737820688537,0.01142605556065933,-0.13113753020334493,-0.36177047744417123,-1.034308051674399,0.3140772238697992,1.7289953408857035,-0.3618325370843415,0.006016680436071459,-1.2348130869114786,-0.5960888996561666,-1.1492039971882941,0.9672992358427723,-1.8779887659659078,35.82269726598358
0.6648508565920321,0.34686980453483707,0.8041245261822627,5.846935614384957,21.744307887168585,-1.3766861475563088,-1.326392717739564,0.15256251210246857,1.3289605904369892,0.3487758940462951,-0.9411220959249583,0.2352761115882635,-0.24576150001290142,1.359220600295612,-0.48975018290120914,0.4483240659731595,1.4423047911862443,0.008505626723153567,-1.9081304132252668,1.516792657139248,-1.074766013817714,22.63060087578834
0.7051653786263351,0.5909154914814168,0.7154071296158017,7.1304487503019995,26.219564927666784,0.6351509468144043,0.030631492594417446,1.471491972993157,0.8567939825665268,1.9510125601262995,-0.44856420802835434,-1.4237344353990602,0.95205365313989,0.2552134168558746,0.9086013598921112,1.165307535547177,-0.5007447437569161,0.7949322529156275,-0.11688018640852403,-0.7969109892966902,0.87654360408152,30.941716274734848
0.7807290310219679,0.022803871029697498,0.7389840039155418,5.367232649162356,20.436110127738942,-0.22222269709877338,-0.4841694333335785,-2.5666584409312976,0.8418200668900618,2.076980529053753,0.4523339506431387,0.44632214754306365,-2.2517772906190467,1.3506251209526567,0.031085587771152785,1.6473939976033294,-1.6550953431851838,0.1803639430263982,-0.9978519832440257,0.30197074251927114,0.27009543419728654,21.60654161537373
0.45891577553833995,0.9585592132414453,0.13105775155731325,6.95795108310199,24.951359128687873,-1.4708062945026579,-0.32767309436196085,-0.23685026450968424,0.5541165013240933,0.0693811351327787,-1.5657590721805144,-0.8065989043073726,-0.8267050469168946,0.012053180601825543,0.2785759145118061,0.30962008190916684,-1.0450437095863023,-0.6560549366409674,-0.08485053166200977,-0.7253915220079754,0.41197158212675383,28.076207811600952
0.5687411959528937,0.48230343694290023,0.12375380365034461,5.779881054669669,21.248449974916966,-1.0155790812075416,1.0027578253046041,0.17651242137244696,2.327653100346085,0.1601905933170753,0.6374709026511215,-1.2826346502605217,-0.7824163339614458,0.20279727689777938,0.013985221865292462,0.5895468860356021,-1.021045160678322,1.2262929556489497,-1.6002058490434774,-0.6284847301367896,1.8594948076233115,23.36980930287905
0.13979699812765745,0.7827352272502862,0.9275625510065076,4.106554673495016,14.357550682868268,0.3135138474501953,0.5381154370039261,0.2959939896870995,-0.2051616888660442,1.0762401574663856,-0.5387713176177432,0.7138201364823995,-2.320356012386145,-1.093471370461983,0.3365831266054347,-1.150864509185567,0.05217331865753347,1.579185502981632,-0.7619744583102578,0.7744947038653713,0.4685527785062026,13.575028451006851
0.11453007353597344,0.08272999992243857,0.39757819382494064,1.1303956561805537,4.171326294001382,0.8381265678943811,1.3373981074427437,-0.37191458132128985,-2.003522292066514,-0.8456610327673472,1.1478126607335635,0.2416445216767513,-0.9636384443688041,0.39699130449884,0.4249658974361492,-0.08787674241562057,-0.2738505055462372,0.4945566553228533,0.14862709530283086,-0.03853826184341251,0.6578880104331793,6.021243315972123
0.6684029617904717,0.48665833083816035,0.30094869178093975,6.463882985077707,23.854260372930053,1.9967308916917865,-0.15450567924990047,-1.7567217824785826,1.604254361517141,0.3330703726182551,-2.3942603049004716,-0.6139768013928971,-0.9151561158459262,0.0603859284244171,-1.9369669327054153,0.940289464883589,-0.33683196764059287,0.9736635113440901,0.3662095977839374,1.7396480419310116,2.710745527218326,22.738715518018864
0.4710962061431325,0.4907069943545209,0.4885840453515333,5.125900168997729,18.756491351661435,2.9138624660073296,-0.695942611670703,0.32799548371410964,-0.45769943095682564,-0.0258628479538564,-0.7865657751041687,1.4511788490210642,-0.20110465451883033,-1.3026521168344645,0.6665726686095336,0.8659686384171532,0.6197019654824789,1.241959996813811,0.41747195874201454,-0.482232478702921,-0.2138045580904907,22.664364441735422
0.5652361064811888,0.9378264549749828,0.6628642127635824,7.565191135121278,27.312113972498768,0.4144094332759964,-0.22385881688049952,1.727350214164185,0.10788044434303304,0.3139082114575536,-1.686468151234102,-0.44065242156974244,1.1129658916602636,-0.051197111816596905,-0.9820194198303006,0.21160973279505021,0.3398753611927038,1.1300993164045137,-1.3204889841570373,0.9993363324744892,-0.7978827636184951,35.63863653280391
0.7649988574160256,0.5717280523760754,0.9556232570469699,7.4381156977011935,27.436383868590177,-0.9895381200318641,0.2424967912712216,-1.5338614049161376,1.309550684860527,-0.8333688059494058,-0.8262294663639526,0.03210767397093466,-0.24506065119070236,-0.07972956385680847,-1.4422991355594112,0.8863939595679524,0.31604787064428624,0.6140991771126236,0.8546857301355617,0.09741341295778198,0.4277963982471327,29.462865565696024
0.6347183200005908,0.4734894010569538,0.286446226882055,6.189448955437903,22.82510133922533,-2.132046280731309,0.17657335845371103,0.8638280136981883,-1.6022595410589253,-1.589567493308969,0.24766590110894313,0.2689134476786009,-1.0308137202711538,1.79756116664464,-0.05841124385868244,0.49076670899381886,0.40982845732869266,0.5983470470748828,-0.8002116966018503,0.7957780097442332,0.4389910293888949,29.800522033670212
0.5535794006579958,0.2669756630918936,0.9248084293120271,4.800024605055822,17.879972294481426,0.2677114623438358,-1.0843880722333665,-0.3285252231228939,-1.2516472141061394,-2.0729834359912918,-0.1792266254497549,-0.6196659341286136,-0.056954541213528984,0.8942133285134095,0.08398100331445427,1.2003062582593216,0.6161346680022383,0.5196605733465026,0.6328579146073064,-0.4471576573299467,-0.5267153919462082,15.328749003819059
0.5592071607454135,0.3315689973425522,0.024859491386256316,5.092218441169497,18.88650035242349,-0.812941095310326,0.09048978162787422,-0.0613243458288473,-1.6012779371188537,-1.1173841129896078,-0.25337756894801494,0.47113629339992935,1.0491736214413494,0.011445439091466015,-0.6935061645722808,0.2893591569571111,-2.107953341777443,-1.0973376745470436,-0.010638676618193147,-0.04955883755158271,-1.0323970195548475,24.21693560639952
0.3039500980626122,0.5206724024715378,0.5551980423268247,4.151133430467508,14.974425884764878,-0.41535726017968533,0.22822833013890514,-1.052898510703949,-0.7941362900254239,-0.458675284939333,-0.1591848713800608,-0.5334523471647244,-0.9759588161149049,0.248787309801083,0.8310318576679744,-0.35569831557103465,-0.3644382522644612,0.7007231568595857,-1.3763874990779479,-0.11549887929893475,2.309844422090078,11.484806942721246
0.030817834567939406,0.4389114603050467,0.6339751116810851,1.975448498700423,6.8039996181438385,-0.6120967990598081,2.5174740375339204,-0.33445617235587666,0.43963660601699356,-0.2931915866487618,0.20338824061994343,-0.4116383222162092,-0.9105748839214486,0.044212378104198057,-1.342175166370907,0.33584125693302364,-2.180210064489474,-1.355813971126554,-0.31619770458118795,-0.8360571148457872,0.3268434703880229,-1.8214707470244216
0.43671738923236236,0.021612079880330426,0.1058974037507533,3.0194432479258473,11.497421069590402,-0.14079088641638526,1.8768446112816701,1.3000445946989585,0.524187842812771,1.9372311624295169,-1.0085360419431078,1.362642639803341,0.5585489592742234,-0.20291398479554773,-0.40694374877255896,-2.9305943758527757,0.03605992679779541,-0.7945994551250549,0.3653637420637676,0.6620815345817527,-0.7322853814020757,17.002854918406136
0.2145846728195292,0.8262919241943578,0.14033959706391264,4.766778868369464,16.814255975190772,1.0659802307876436,-0.8532433505588201,0.582655241987707,0.27627417932855375,1.1059933699072981,0.7068496408990508,-1.040586052512433,-0.22153611573080054,-1.0824271973882869,-0.5848741349330007,0.38288573638504947,-0.00463297222434532,1.3035650678080875,0.612965380474599,0.6502490055783642,0.9159303022795986,18.78077889054055
0.40852864372463615,0.8961607718397667,0.41911431931630383,6.342629468743874,22.7100396129415,0.15704856744534462,-0.2873833615491761,1.732311605409944,-1.4127658838923665,-0.9620911163416273,0.6626659703854839,-2.41278033092949,0.6474846907094743,-0.15105187760692926,-0.04658727033933937,-3.6484128252147836,1.0455322747896802,0.8402201626941975,-0.14098789744441861,0.5935546949055667,-0.1091451515613345,26.272620493968443
0.8534030732681661,0.14024908899861077,0.9662319121431817,6.2904254439176,23.782857694470398,-0.1586348370386883,-1.4634420018370031,1.1774118889776937,-2.310103436632644,0.34770845245095694,0.385037937656101,1.6109369950118944,-0.013646791795296761,-0.7460982566525134,0.2788642846472388,-1.723463407405418,1.1876343927211208,1.4873982896858626,1.5317788906010528,1.5369656539176446,-0.25288144631783127,20.47296179696376
0.23393948586534075,0.5540361435390494,0.5960425532343728,3.801914719959737,13.588401571937114,-1.0356537528258116,-0.5907070139634865,0.4390866789295762,0.054353585390382264,-0.4070782363503251,0.5565334427512632,2.549327952607003,0.701663648089567,-1.2503155389231464,-1.0078929496235447,0.45176860094098414,0.20277504825236733,-0.27167438368729224,1.007510770986559,1.4493448012363035,0.5622728719144933,10.110016982477667
0.05830274168906602,0.10857574113544355,0.9330232216002112,0.8432509563498288,3.030423955177689,-1.674682944704357,0.3156050035903405,1.743934526167792,-0.47177603363833576,-0.28436383804009513,0.2964180008086595,-0.40526926544933184,-1.0350781140406409,0.5112218145475347,0.7242826774562282,0.47752933726679525,-0.5003610773968998,-1.1522488412767675,-0.25665411639975283,-0.37494468984913537,-1.29188226823169,-2.460040750690742
0.28138389202199654,0.6722400930398117,0.8043609156129707,4.5906072269272515,16.40048264883266,-0.4863079090733309,1.2058536208882336,0.43899315873829875,0.45938577171661177,0.18532564941538202,2.0350733027310675,-1.9368380406201853,-0.01208465078826744,0.39126465993323495,0.06300236833469973,-1.1624287801399305,0.48516111254573785,-0.24043719707034283,0.7501218121369445,0.37305231843417824,0.3526272039171724,14.58626813374182
0.2935937577666836,0.2812337838390083,0.4673816015552915,3.11098651637916,11.40767067254782,-0.05378255081832049,-0.7290838377436085,0.8279881767970589,0.7019536262212701,0.6191711169753933,-0.0870941710525099,-0.31048397619594376,-0.21069001436315682,-1.786707511368078,-1.8919462533119105,-0.7121020418789388,-0.5279176373243135,0.1020312972405742,1.9337934851881868,-0.6236006892582127,1.9129548077317522,13.178590641339477
0.6619165147268951,0.6594226346919018,0.7847634492521874,7.106818354710601,26.01950223750479,1.767929913579883,-0.6541464400677965,-0.29657095353470836,0.13824143205868192,-0.33925848388401536,-0.30708321833457675,-0.2862229498406692,-1.2158909241041307,-0.12268463749512722,-1.958591440397031,1.370540988614132,-0.001392651443348899,0.07898871634000969,1.960484600783027,0.023355316114555456,0.46617766219731077,30.653017638942263
0.5570321523412783,0.7269946142868826,0.017836783976987736,6.65493770156266,24.19106369268661,0.13027452147288585,-2.147289029738655,0.06654581585920483,0.7601330853758538,1.0638515327343585,-0.7535275803573779,-0.18992384102225704,-1.5634779478686884,0.9957013858999235,-0.012319292929311235,-0.48403013157267616,0.9861363169607678,1.1336804787567016,-1.2279998808224974,-0.5997494491188647,-0.3762121037834645,32.8860402347698
0.7838982091064135,0.768647491917657,0.10914399676573494,8.374150865019365,30.671451067834475,0.9827395110230576,-0.16266592054490767,-0.6974238233002769,0.22921137411506842,-1.141938226142404,-1.0322626705778368,-1.1133880419218483,0.6857490352746618,1.0592237388963208,-0.2209673177863541,2.242920312402985,-0.5577713459894236,-0.36127042500344553,-0.9265331111571506,1.620070309136051,-0.507105280428242,40.458632389844375
