PassengerId,DecisionTree_pred,DecisionTree_prob,LogisticRegression_pred,LogisticRegression_prob,AdaBoost_pred,AdaBoost_prob,RandomForest_pred,RandomForest_prob,GBDT_pred,GBDT_prob,XGBoost_pred,XGBoost_prob
892,0,0.1077458303489205,0,0.14878246625110345,0,0.33119705363616714,0,0.11113267670910966,0,0.13652230000992413,0,0.11613997
893,1,0.5868910935235759,1,0.5855462790447177,0,0.4561614868871313,1,0.5116935562183681,1,0.5277972603342405,0,0.41615006
894,0,0.0,0,0.17074876227591043,0,0.34051925363774366,0,0.15248977267810188,0,0.1417363124273478,0,0.12942527
895,0,0.1077458303489205,0,0.14229990398272682,0,0.33119705363616714,0,0.11309262021703168,0,0.1341679586298971,0,0.12537305
896,1,0.5868910935235759,1,0.6027415457907398,1,0.6045844872076405,1,0.5364854309076048,1,0.5848847369558223,1,0.5075276
897,0,0.2200789289270829,0,0.14450829731364215,0,0.34620533922041896,0,0.1211684526744575,0,0.14593117755882531,0,0.13327704
898,1,0.8010041077133728,1,0.6065749149332628,1,0.5808986969113239,1,0.6191108126909585,1,0.5600558735882346,1,0.5976836
899,1,0.8985338608331394,0,0.16565542412531392,0,0.4295274158051968,0,0.20316455389803434,0,0.2024640058727154,0,0.18315092
900,1,0.8010041077133728,1,0.6962282440246691,1,0.836357406274514,1,0.6732754108649107,1,0.7487247645799529,1,0.81232053
901,0,0.2200789289270829,0,0.13118356586314228,0,0.2147819825866879,0,0.09092152512636192,0,0.12799174277078407,0,0.0771712
902,0,0.12281315605318405,0,0.13956250336853696,0,0.31883699117961845,0,0.09080351962420533,0,0.12228248071251298,0,0.08627932
903,0,0.0,0,0.2312154655507141,0,0.3434790955485822,0,0.18848746409902356,0,0.13930656121292428,0,0.13174562
904,1,0.985077691833801,1,0.931782073730771,1,0.9150019124100037,1,0.975062381952201,1,0.8909165521800712,1,0.9227001
905,0,0.12281315605318405,0,0.15263603786238827,0,0.31883699117961845,0,0.1214391752852826,0,0.11953044926249783,0,0.07784628
906,1,0.985077691833801,1,0.9478430697817297,1,0.9001005531790774,1,0.9599869463170576,1,0.8741844573200485,1,0.9187232
907,1,0.9299879566439181,1,0.9156405691741609,1,0.907272175680371,1,0.8422710203570768,1,0.9213219734482889,1,0.90257424
908,0,0.1077458303489205,0,0.17538474817247307,0,0.33119705363616714,0,0.16124267134745882,0,0.14166311149771982,0,0.15009783
909,0,0.1077458303489205,0,0.1968204748631883,0,0.334222795505453,0,0.12803973413344652,0,0.1486653142255571,0,0.1319798
910,1,0.5868910935235759,1,0.5870925687917679,1,0.6045844872076405,0,0.4724072688635783,1,0.5848847369558223,1,0.5430394
911,1,0.8010041077133728,1,0.6927836095500532,1,0.836357406274514,1,0.6653006991998669,1,0.7487247645799529,1,0.7650425
912,0,0.13868036349269064,0,0.2818519675733058,0,0.399850650556207,0,0.19874047861056593,0,0.19499051077572882,0,0.17577933
913,1,0.985077691833801,1,0.6954507289022019,1,0.6032549191460648,1,0.5459835775679189,1,0.6049977127623334,1,0.681044
914,1,0.985077691833801,1,0.8788776956160541,1,0.9025957146536359,1,0.868380254537719,1,0.8208850879243625,1,0.9003065
915,0,0.10314428445489274,0,0.3159206279144323,0,0.43287005848867877,0,0.3153940750396959,0,0.3371020164903843,0,0.41325414
916,1,0.616871704745167,1,0.7968991185469047,1,0.9353757431180884,1,0.8424172810143088,1,0.771134806432322,1,0.89231473
917,0,0.0,0,0.1356581089254163,0,0.31883699117961845,0,0.07990417539869969,0,0.11657972643403287,0,0.08303764
918,1,0.985077691833801,1,0.9522422141431109,1,0.8581563981930059,1,0.9626953534488388,1,0.9332136952225355,1,0.9429851
919,0,0.1077458303489205,0,0.1968204748631883,0,0.334222795505453,0,0.12721444392916695,0,0.1486653142255571,0,0.1319798
920,0,0.43504225352112674,0,0.337152634187821,0,0.48557575004345976,0,0.3612561448506519,0,0.3712218877436412,0,0.38676763
921,0,0.12281315605318405,0,0.16885254747566855,0,0.2076655091986681,0,0.10846955602728224,0,0.1294607694482255,0,0.07398242
922,0,0.0,0,0.16255388719274874,0,0.34051925363774366,0,0.12402731006013641,0,0.13930656121292428,0,0.0816196
923,0,0.445997458703939,0,0.15789264884656237,0,0.2975918334913514,0,0.18949643718721315,0,0.23391233582567136,0,0.17489813
924,1,0.5868910935235759,1,0.5988476204140628,1,0.6045844872076405,1,0.5201658616343896,1,0.5848847369558223,1,0.5036329
925,1,0.5868910935235759,1,0.6021867952601727,1,0.6045844872076405,1,0.5138190889286987,1,0.5848847369558223,0,0.48952338
926,1,0.8985338608331394,0,0.41953531900232927,1,0.5134816909565905,0,0.4690861638875095,0,0.42528977130725376,1,0.6039903
927,0,0.445997458703939,0,0.2174718503974056,1,0.6461438402399714,0,0.2733859369531808,1,0.5657838726480576,0,0.4464998
928,1,0.5868910935235759,1,0.5930874215179809,1,0.5808986969113239,1,0.5120439149772384,1,0.55509300499251,0,0.48193505
929,1,0.5868910935235759,1,0.5921075001495206,1,0.5808986969113239,0,0.49496975875167964,1,0.55509300499251,0,0.42952394
930,0,0.1077458303489205,0,0.14180523205577752,0,0.33119705363616714,0,0.1335615019007724,0,0.1341679586298971,0,0.13093089
931,1,0.8985338608331394,0,0.14082019487757866,0,0.4101439369591476,0,0.3314302484087752,0,0.22373565126790876,0,0.3568424
932,0,0.1077458303489205,0,0.19263854041326714,0,0.32062742887273316,0,0.13751337766023797,0,0.11546292545733271,0,0.11205717
933,0,0.43504225352112674,0,0.3407905123879606,0,0.4549135989130837,0,0.34567408868062033,0,0.312718099905896,0,0.29959127
934,0,0.2200789289270829,0,0.14201743519009574,0,0.3217003027538313,0,0.10736644767359434,0,0.12228248071251298,0,0.10688979
935,1,0.985077691833801,1,0.8836448437108746,1,0.7453581682970065,1,0.8590332679681942,1,0.8498747139079605,1,0.85891473
936,1,0.985077691833801,1,0.9246217284412137,1,0.9001005531790774,1,0.9654612932335802,1,0.8629101085313847,1,0.9187849
937,0,0.2200789289270829,0,0.14989380039011746,0,0.35328390990796527,0,0.13986585665780787,0,0.15593691391266165,0,0.16111916
938,0,0.43504225352112674,0,0.4289889091552854,0,0.4582950894862967,0,0.34980443466598365,0,0.33895564923818183,0,0.35586452
939,0,0.0,0,0.14472625047139825,0,0.34051925363774366,0,0.12712047507722965,0,0.14491545686316593,0,0.1186598
940,1,0.985077691833801,1,0.9482325489966054,1,0.9678638341309392,1,0.9683062873503138,1,0.9232152412374139,1,0.9503045
941,1,0.5868910935235759,1,0.6138969717515967,1,0.6045844872076405,1,0.5750036633366317,1,0.5979890725514057,1,0.57057774
942,1,0.8985338608331394,0,0.3294543955468014,1,0.5100764258369624,0,0.4192426872526563,0,0.3963765468299796,0,0.4427079
943,0,0.1077458303489205,0,0.2296942216833204,0,0.334222795505453,0,0.16574387047251798,0,0.1541817303561738,0,0.17172812
944,1,0.9299879566439181,1,0.8667251059878427,1,0.8419203705173732,1,0.8108465325181097,1,0.8498747139079605,1,0.82473814
945,1,0.616871704745167,1,0.667900809022867,1,0.6148926353326565,1,0.7631275416466402,1,0.6377924746636872,1,0.7315959
946,0,0.445997458703939,0,0.2406434296062932,1,0.6461438402399714,0,0.23859569939192274,0,0.27866141571276215,0,0.39044842
947,0,0.0,0,0.2676583978198382,0,0.39808908768712875,0,0.15158820338978857,0,0.18566411032179647,0,0.10842857
948,0,0.1077458303489205,0,0.14180523205577752,0,0.33119705363616714,0,0.10643155197874912,0,0.1341679586298971,0,0.118961446
949,0,0.2200789289270829,0,0.23042311314555322,0,0.2872895505319966,0,0.20409542077818743,0,0.1402822712069001,0,0.20688544
950,0,0.2200789289270829,0,0.13930168973721427,0,0.35328390990796527,0,0.09768180278558646,0,0.14893096800441122,0,0.12458411
951,1,0.985077691833801,1,0.9510146256943004,1,0.8581563981930059,1,0.9525290920096432,1,0.9332136952225355,1,0.94580156
952,0,0.1077458303489205,0,0.13907580436243688,0,0.32433908320495397,0,0.09974773832891168,0,0.12535159339818455,0,0.09843889
953,0,0.2200789289270829,0,0.17255896215893737,0,0.35328390990796527,0,0.1538599630195679,0,0.16167191173628154,0,0.16859482
954,0,0.2200789289270829,0,0.14551476344815992,0,0.34620533922041896,0,0.11965895099854598,0,0.14593117755882531,0,0.12983574
955,1,0.8010041077133728,1,0.6142964918150559,1,0.6045844872076405,1,0.6595473013638017,1,0.6028158212307215,1,0.6718457
956,1,0.616871704745167,1,0.6659540023521531,1,0.5292662611234408,1,0.5273335024315615,1,0.6089496135390554,1,0.701539
957,1,0.9299879566439181,1,0.8871166800306914,1,0.7453581682970065,1,0.8550846418297356,1,0.8498747139079605,1,0.87841827
958,1,0.8010041077133728,1,0.6040821611964537,1,0.5808986969113239,1,0.6317069204859599,1,0.5600558735882346,1,0.6084874
959,0,0.13868036349269064,0,0.2341140046029108,0,0.4234997805425843,0,0.22949689542175142,0,0.20398507422513346,0,0.22687857
960,1,0.8985338608331394,0,0.44153009592576625,1,0.5134816909565905,1,0.5008115430776345,1,0.5681098184491569,1,0.650695
961,1,0.616871704745167,1,0.688474826451836,1,0.7067880719000151,1,0.7930916028455793,1,0.607072658788041,1,0.78240335
962,1,0.8010041077133728,1,0.6114074073997087,1,0.6045844872076405,1,0.644712450126201,1,0.6028158212307215,1,0.6940732
963,0,0.1077458303489205,0,0.14329356546343983,0,0.33119705363616714,0,0.10073431209269208,0,0.1341679586298971,0,0.09553123
964,1,0.5868910935235759,1,0.6038161263390802,1,0.6045844872076405,1,0.5438485349119632,1,0.5979890725514057,1,0.59326196
965,0,0.445997458703939,0,0.44153009592576625,1,0.5134816909565905,1,0.5208990553074467,1,0.5681098184491569,1,0.6546273
966,1,0.985077691833801,1,0.9459926318167349,1,0.7710597934188002,1,0.9595076294750481,1,0.9019983464314836,1,0.9347243
967,1,0.8985338608331394,0,0.42856209444768256,1,0.5134816909565905,0,0.46012740637600164,0,0.42528977130725376,1,0.59619397
968,0,0.12281315605318405,0,0.13456511143327304,0,0.31883699117961845,0,0.09710354672304043,0,0.12228248071251298,0,0.09715872
969,1,0.9299879566439181,1,0.918304586797307,1,0.8337701208110729,1,0.8694108284127503,1,0.8532133347853221,1,0.8722278
970,0,0.2200789289270829,0,0.17547593963237176,0,0.35328390990796527,0,0.1491196038043974,0,0.16167191173628154,0,0.16297288
971,1,0.8010041077133728,1,0.6085104739251868,1,0.5808986969113239,1,0.6137847259152042,1,0.5600558735882346,1,0.6071571
972,1,0.9299879566439181,1,0.7558556761769859,1,0.7180771899429462,1,0.6146544335793619,1,0.6335138641472674,1,0.6234702
973,0,0.43504225352112674,0,0.31005259183346245,0,0.45165410933503175,0,0.26428895493104687,0,0.3025911704052188,0,0.1899648
974,0,0.12281315605318405,0,0.22834211374620703,0,0.3217003027538313,0,0.18775856143954017,0,0.11953044926249783,0,0.13998513
975,0,0.1077458303489205,0,0.14152358317609762,0,0.32433908320495397,0,0.09439912399163074,0,0.12535159339818455,0,0.0935622
976,0,0.2200789289270829,0,0.17446464664867428,0,0.32433908320495397,0,0.19863906998539135,0,0.1324295600241357,0,0.12705939
977,0,0.1077458303489205,0,0.18792621816583488,0,0.334222795505453,0,0.1166679817348624,0,0.14193113213693936,0,0.123255566
978,1,0.8010041077133728,1,0.6046360039508332,1,0.5808986969113239,1,0.5725480182382603,1,0.5600558735882346,1,0.5784703
979,1,0.5868910935235759,1,0.5944867690019133,1,0.6045844872076405,1,0.5803462484789114,1,0.5979890725514057,1,0.5719843
980,1,0.8010041077133728,1,0.6040821611964537,1,0.5808986969113239,1,0.6415874336561967,1,0.5600558735882346,1,0.5975622
981,1,0.9299879566439181,1,0.7240657102579946,1,0.7703395487359211,1,0.6963962945389095,1,0.7145921306643592,1,0.7853302
982,1,0.5868910935235759,1,0.6172246600335985,1,0.6045844872076405,1,0.5154045722884155,1,0.5549150594751774,0,0.48107132
983,0,0.1077458303489205,0,0.1405401820532678,0,0.3217003027538313,0,0.10010635597332682,0,0.12228248071251298,0,0.09942704
984,1,0.985077691833801,1,0.9294231227325631,1,0.9150019124100037,1,0.9414685390937784,1,0.8909165521800712,1,0.9222582
985,0,0.1077458303489205,0,0.1400506285191192,0,0.32433908320495397,0,0.1120474362922454,0,0.12535159339818455,0,0.10712468
986,0,0.1077458303489205,0,0.305489962269546,0,0.334222795505453,0,0.28721570246660344,0,0.1541817303561738,0,0.23794425
987,0,0.2200789289270829,0,0.14732609563802992,0,0.35328390990796527,0,0.13456342171045163,0,0.15593691391266165,0,0.15206327
988,1,0.985077691833801,1,0.9233644887810684,1,0.8337701208110729,1,0.9587965142612921,1,0.8571878422431977,1,0.8993837
989,0,0.2200789289270829,0,0.14681694218048366,0,0.35328390990796527,0,0.1402485799363621,0,0.15593691391266165,0,0.16557267
990,1,0.5868910935235759,1,0.6018725431031038,1,0.6045844872076405,1,0.5638638944970239,1,0.5979890725514057,1,0.5693964
991,0,0.2200789289270829,0,0.14834878389532438,0,0.35328390990796527,0,0.13175671463496233,0,0.15593691391266165,0,0.17114304
992,1,0.985077691833801,1,0.9480937840868017,1,0.949906718732646,1,0.9686297263401191,1,0.9385457466343146,1,0.9522492
993,0,0.1077458303489205,0,0.16012133541755333,0,0.33119705363616714,0,0.1557433591380993,0,0.13923441157469235,0,0.13517663
994,0,0.1077458303489205,0,0.14695631439907475,0,0.32433908320495397,0,0.11391276581369009,0,0.12757402265324863,0,0.09758655
995,0,0.445997458703939,0,0.15355037933153892,0,0.35328390990796527,0,0.20354044522361184,0,0.15593691391266165,0,0.26110262
996,1,0.8010041077133728,1,0.6831068197340416,1,0.836357406274514,1,0.5866772982984672,1,0.7383843246256007,1,0.784799
997,0,0.2200789289270829,0,0.14681694218048366,0,0.35328390990796527,0,0.1318622405208336,0,0.15593691391266165,0,0.14661342
998,0,0.1077458303489205,0,0.15033120216695078,0,0.33119705363616714,0,0.11661851519287328,0,0.13652230000992413,0,0.09927499
999,0,0.1077458303489205,0,0.1459415805750949,0,0.32433908320495397,0,0.11868773138400171,0,0.12757402265324863,0,0.09197228
1000,0,0.2200789289270829,0,0.14754514003439592,0,0.34620533922041896,0,0.13899502353778656,0,0.14593117755882531,0,0.14982563
1001,0,0.1077458303489205,0,0.2568431334582409,0,0.4257788802331077,0,0.33004769266116735,0,0.2931619797705905,0,0.2458893
1002,0,0.2200789289270829,0,0.23000269695176567,0,0.34655890073749723,0,0.14661877550012012,0,0.1634550427029504,0,0.13940115
1003,1,0.8010041077133728,1,0.5968662490704887,1,0.6045844872076405,1,0.6609972396434962,1,0.6028158212307215,1,0.6885933
1004,1,0.985077691833801,1,0.9456659930421036,1,0.8581563981930059,1,0.9295058694604331,1,0.9019983464314836,1,0.9376802
1005,1,0.8010041077133728,1,0.6104426260031236,1,0.6045844872076405,1,0.6394642916445719,1,0.6028158212307215,1,0.6691595
1006,1,0.985077691833801,1,0.9186407920689165,1,0.8337701208110729,1,0.9389212310071274,1,0.8571878422431977,1,0.8863878
1007,0,0.2200789289270829,0,0.19005967584823144,0,0.3492965835826468,0,0.13583680069018952,0,0.21685096124795358,0,0.1783575
1008,0,0.1077458303489205,0,0.19263854041326714,0,0.21070469959932683,0,0.12260873048478409,0,0.1195554064457678,0,0.09970003
1009,1,0.5868910935235759,1,0.5702066233086166,1,0.6398002193222401,1,0.6556782900852425,1,0.6809289396483915,1,0.56068206
1010,0,0.43504225352112674,0,0.4250165497687205,1,0.5026867073206832,0,0.4034748665035808,0,0.3995146681968218,1,0.5080506
1011,1,0.9299879566439181,1,0.8814969186641506,1,0.7453581682970065,1,0.8053299449922774,1,0.8498747139079605,1,0.8588761
1012,1,0.9299879566439181,1,0.8738895669030535,1,0.8284164951381424,1,0.876540299512395,1,0.8260368605788055,1,0.8476277
1013,0,0.1077458303489205,0,0.14167611208962863,0,0.33119705363616714,0,0.12214207481588875,0,0.13025400990146804,0,0.10380446
1014,1,0.985077691833801,1,0.9451347700918532,1,0.8586557675677018,1,0.9627736373807695,1,0.9423978122792751,1,0.95220405
1015,0,0.2200789289270829,0,0.1458030062337111,0,0.33119705363616714,0,0.11326374728844271,0,0.1341679586298971,0,0.12225058
1016,0,0.1077458303489205,0,0.14929724326277632,0,0.33119705363616714,0,0.11917560177429734,0,0.13652230000992413,0,0.10261502
1017,1,0.5868910935235759,1,0.5925283034008009,1,0.6045844872076405,1,0.56284076713479,1,0.5979890725514057,0,0.48575714
1018,0,0.2200789289270829,0,0.14630924640800524,0,0.35328390990796527,0,0.12915432872181073,0,0.15593691391266165,0,0.13197994
1019,1,0.8010041077133728,1,0.5600545703657062,1,0.5808986969113239,1,0.5191431400951008,1,0.5466524518032247,1,0.501552
1020,0,0.1077458303489205,0,0.16651863838387812,0,0.3217003027538313,0,0.1480495169052299,0,0.12696592909633275,0,0.13490129
1021,0,0.1077458303489205,0,0.14429299825238476,0,0.33119705363616714,0,0.1146070637129087,0,0.1341679586298971,0,0.12884548
1022,0,0.2200789289270829,0,0.1458030062337111,0,0.33119705363616714,0,0.13117700915002917,0,0.1341679586298971,0,0.14855266
1023,0,0.28699918233851185,1,0.5564171026607527,1,0.601545331949202,0,0.4431112870042318,1,0.5619334580521376,0,0.39746067
1024,0,0.0,0,0.2198776071200759,0,0.41372991474820126,0,0.26169922012493446,0,0.21292802376383307,0,0.12391349
1025,0,0.12281315605318405,0,0.18001713910925407,0,0.20654103051160097,0,0.11301463289130993,0,0.11113760712269667,0,0.07414985
1026,0,0.2200789289270829,0,0.14251272443806104,0,0.3217003027538313,0,0.10448579038029829,0,0.12228248071251298,0,0.10164581
1027,0,0.2200789289270829,0,0.14681694218048366,0,0.35328390990796527,0,0.12183807796136156,0,0.15593691391266165,0,0.1480519
1028,0,0.2200789289270829,0,0.20200416300604446,0,0.35640390383308296,0,0.1688663694269309,0,0.17231834783621358,0,0.2253433
1029,0,0.1077458303489205,0,0.16910940813279476,0,0.33119705363616714,0,0.15425079393167435,0,0.13923441157469235,0,0.15402149
1030,1,0.5868910935235759,1,0.5950450364041209,1,0.5808986969113239,1,0.5097905490131908,1,0.55509300499251,1,0.50375634
1031,0,0.13868036349269064,0,0.03100039726805485,0,0.27875976190680735,0,0.13852187948183609,0,0.13695062078185608,0,0.12270516
1032,0,0.2635135135135135,0,0.17670772798526604,0,0.27909061278730907,0,0.15014074511188263,0,0.18142221462769756,0,0.08943268
1033,1,0.985077691833801,1,0.8742986709556444,1,0.8232318961408496,1,0.8852189622283123,1,0.8189321280544487,1,0.90637434
1034,0,0.43504225352112674,0,0.12974856102062438,0,0.4446896745447337,0,0.3132107665806372,0,0.265841421627523,0,0.21118301
1035,0,0.2200789289270829,0,0.17313927133358367,0,0.35328390990796527,0,0.14257760803919337,0,0.16167191173628154,0,0.15834714
1036,0,0.13868036349269064,0,0.25126620827981194,0,0.4234997805425843,0,0.3586482572021916,0,0.491494172503815,0,0.3798935
1037,0,0.2200789289270829,0,0.12523855096811579,0,0.23179605030053949,0,0.10473828955398622,0,0.14893096800441122,0,0.11060472
1038,0,0.10314428445489274,0,0.42675100528738674,1,0.5022963028072476,0,0.40228190274338765,0,0.42667982851046227,0,0.45923838
1039,0,0.1077458303489205,0,0.14229990398272682,0,0.33119705363616714,0,0.12382965807997515,0,0.1341679586298971,0,0.105063744
1040,0,0.10314428445489274,0,0.2345295793573543,0,0.4340785402115858,0,0.3222441109896914,0,0.23391233582567136,0,0.26661876
1041,0,0.28699918233851185,0,0.2515651284031928,1,0.5481495666863357,0,0.3815672463785948,0,0.3040969495889386,0,0.2510227
1042,1,0.985077691833801,1,0.9494113788779832,1,0.9524523704837152,1,0.9720595056018999,1,0.9423978122792751,1,0.9507661
1043,0,0.1077458303489205,0,0.19517625110864617,0,0.32733283645200084,0,0.12037993255663104,0,0.13904929795418985,0,0.12377592
1044,0,0.13868036349269064,0,0.13551329541155202,0,0.3965846837512781,0,0.22981296118127606,0,0.18071649162117961,0,0.16606845
1045,1,0.5868910935235759,1,0.6138969717515967,1,0.6045844872076405,1,0.5758998317678647,1,0.5979890725514057,1,0.57997817
1046,0,0.2635135135135135,0,0.2638215518527679,0,0.42182329003929403,0,0.17901521655451672,0,0.21036455930555972,0,0.14375958
1047,0,0.1077458303489205,0,0.14429299825238476,0,0.33119705363616714,0,0.0997318686496759,0,0.1341679586298971,0,0.11446574
1048,1,0.985077691833801,1,0.9216489529428452,1,0.76864508656511,1,0.94777860158453,1,0.8909165521800712,1,0.9141463
1049,1,0.5868910935235759,1,0.5979757811836798,1,0.6045844872076405,1,0.5554156702675496,1,0.5979890725514057,1,0.5650416
1050,0,0.43504225352112674,0,0.3380603178639938,0,0.48557575004345976,0,0.35976119385574745,0,0.3712218877436412,0,0.35891652
1051,1,0.5868910935235759,1,0.6086606430316419,1,0.6045844872076405,1,0.5598937467804067,1,0.5979890725514057,1,0.5387984
1052,1,0.8010041077133728,1,0.5992182868073677,1,0.5808986969113239,1,0.6160483639197771,1,0.5600558735882346,1,0.57710534
1053,1,0.9299879566439181,1,0.763267882960516,1,0.7375134191281544,1,0.6609729962579819,1,0.7577992947917411,1,0.8161337
1054,1,0.985077691833801,1,0.876360427256218,1,0.8284164951381424,1,0.8702620445112235,1,0.8260368605788055,1,0.87162477
1055,0,0.1077458303489205,0,0.1405401820532678,0,0.20844707457433417,0,0.09910515750659896,0,0.10753817702241343,0,0.0707842
1056,0,0.28699918233851185,0,0.26441109702248194,1,0.5693673681243546,0,0.26579544501692387,0,0.3361870792523117,0,0.2710997
1057,1,0.5868910935235759,1,0.6007961761808822,1,0.6045844872076405,1,0.5130667320801446,1,0.5848847369558223,1,0.5041731
1058,0,0.43504225352112674,0,0.44689131951564237,0,0.4582950894862967,0,0.3441657014994714,0,0.33895564923818183,0,0.36156538
1059,0,0.10314428445489274,0,0.02841557161448578,0,0.2631136270663168,0,0.09852380005257906,0,0.12042807059492133,0,0.07576796
1060,1,0.9299879566439181,1,0.92137461320462,1,0.9687252978809615,1,0.8574266459752093,1,0.9017732843613354,1,0.91524166
1061,1,0.5868910935235759,1,0.6018725431031038,1,0.6045844872076405,1,0.5224468149519894,1,0.5979890725514057,1,0.5094533
1062,0,0.1077458303489205,0,0.14329356546343983,0,0.33119705363616714,0,0.09331833919446982,0,0.1341679586298971,0,0.1118545
1063,0,0.1077458303489205,0,0.19810691198646077,0,0.334222795505453,0,0.12781354737032222,0,0.1486653142255571,0,0.14056297
1064,0,0.2200789289270829,0,0.13881575353391098,0,0.35328390990796527,0,0.1217289305177263,0,0.14893096800441122,0,0.120388456
1065,0,0.1077458303489205,0,0.19263854041326714,0,0.32733283645200084,0,0.1267630781688651,0,0.13904929795418985,0,0.11869432
1066,0,0.13868036349269064,0,0.032497418557077974,0,0.41333096590805196,0,0.20368432599150993,0,0.16450026932989018,0,0.20543987
1067,1,0.985077691833801,1,0.8761092333480789,1,0.8419203705173732,1,0.8892640507194673,1,0.8539241434824565,1,0.8741212
1068,1,0.985077691833801,1,0.876360427256218,1,0.8284164951381424,1,0.89172690509671,1,0.8306011214561079,1,0.88994044
1069,0,0.43504225352112674,0,0.4106847785388537,0,0.4550315970482858,0,0.35793679230448344,0,0.46499241495681326,0,0.3910114
1070,1,0.985077691833801,1,0.9300250054311976,1,0.7705567747292775,1,0.8961939979695142,1,0.8859631857080321,1,0.9256279
1071,1,0.985077691833801,1,0.9643204349203754,1,0.9678638341309392,1,0.954683232581439,1,0.9210386907904374,1,0.9494945
1072,0,0.2200789289270829,0,0.17255896215893737,0,0.35328390990796527,0,0.1456082807903415,0,0.16167191173628154,0,0.16197787
1073,0,0.43504225352112674,1,0.5124557060552751,0,0.48434660235836136,0,0.4603540802076103,1,0.5143210052714653,1,0.56223977
1074,1,0.985077691833801,1,0.9284878673719562,1,0.9150019124100037,1,0.9593634121558229,1,0.8909165521800712,1,0.9083858
1075,0,0.12281315605318405,0,0.14124474087050523,0,0.31883699117961845,0,0.09516262835301653,0,0.12445823878780006,0,0.08149892
1076,1,0.985077691833801,1,0.9538573473185021,1,0.9729610180009591,1,0.9613334669214831,1,0.9423978122792751,1,0.9543292
1077,0,0.2200789289270829,0,0.16935440730189036,0,0.3434790955485822,0,0.11387797861474813,0,0.14776577109473138,0,0.10797149
1078,1,0.9299879566439181,1,0.8832268714519187,1,0.8419203705173732,1,0.8588750453700416,1,0.8498747139079605,1,0.8593304
1079,0,0.1077458303489205,0,0.12637036935373308,0,0.20957918945247564,0,0.12151252679786555,0,0.11952519944132668,0,0.08933899
1080,0,0.2635135135135135,0,0.14018916444533283,0,0.25977900204038057,0,0.15893041870724117,0,0.17924310993898818,0,0.090711534
1081,0,0.1077458303489205,0,0.16372099414030308,0,0.3217003027538313,0,0.16113631500550332,0,0.12696592909633275,0,0.14172101
1082,0,0.1077458303489205,0,0.16121605058102895,0,0.33119705363616714,0,0.1486980454670863,0,0.13923441157469235,0,0.13520205
1083,0,0.2200789289270829,0,0.22834211374620703,0,0.32433908320495397,0,0.25163704246532104,0,0.13013516126747462,0,0.13962813
1084,1,0.9299879566439181,1,0.6893075482746158,1,0.7348665523944228,1,0.6439237921864611,1,0.6464916672444683,1,0.70058846
1085,0,0.12281315605318405,0,0.16620008286158536,0,0.31883699117961845,0,0.150156679936995,0,0.12166402821801257,0,0.111913666
1086,1,0.985077691833801,1,0.737719980080231,1,0.7703395487359211,1,0.7324716306013845,1,0.7168278651375927,1,0.8311129
1087,0,0.445997458703939,0,0.1509311577530173,0,0.35328390990796527,0,0.17359273861615745,0,0.15593691391266165,0,0.25769073
1088,1,0.985077691833801,1,0.937918458769344,1,0.8102980094517127,1,0.7403163512376892,1,0.9075694848728818,1,0.93768746
1089,1,0.5868910935235759,1,0.5954648796251273,1,0.6045844872076405,1,0.5943695471708552,1,0.5979890725514057,1,0.5707641
1090,0,0.2200789289270829,0,0.17547593963237176,0,0.35328390990796527,0,0.14598726478700802,0,0.16167191173628154,0,0.14200078
1091,1,0.5868910935235759,1,0.5970179267794242,1,0.6045844872076405,1,0.5810686015300328,1,0.5979890725514057,1,0.5446899
1092,1,0.8010041077133728,1,0.5890291753712434,1,0.5808986969113239,1,0.5882417576386302,1,0.5600558735882346,1,0.5704653
1093,1,0.9299879566439181,1,0.7073507416375966,1,0.7348665523944228,1,0.6906392287896955,1,0.6587857723967375,1,0.75905514
1094,0,0.28699918233851185,1,0.5486946468795926,1,0.601545331949202,0,0.4842324040819433,1,0.5736012177383112,0,0.49627852
1095,1,0.9299879566439181,1,0.8697596119048839,1,0.8419203705173732,1,0.8689382960485704,1,0.8498747139079605,1,0.8515964
1096,0,0.2200789289270829,0,0.17198019345343812,0,0.35328390990796527,0,0.13536176786925072,0,0.16167191173628154,0,0.14933077
1097,0,0.0,0,0.29696286614685025,0,0.3435864086575426,0,0.19068798939612933,0,0.1542602374221061,0,0.15523556
1098,1,0.8010041077133728,1,0.6104426260031236,1,0.6045844872076405,1,0.6495690340379319,1,0.6028158212307215,1,0.7054459
1099,0,0.2200789289270829,0,0.17430451650869508,0,0.35328390990796527,0,0.13555312831172842,0,0.16167191173628154,0,0.1450088
1100,1,0.9299879566439181,1,0.9478288533215529,1,0.9160558836315216,1,0.8899988793810889,1,0.9332136952225355,1,0.93137056
1101,0,0.1077458303489205,0,0.14329356546343983,0,0.33119705363616714,0,0.10507436532479318,0,0.1341679586298971,0,0.11445379
1102,0,0.2200789289270829,0,0.14783670885544453,0,0.35328390990796527,0,0.12892946490499582,0,0.15593691391266165,0,0.16148324
1103,0,0.12281315605318405,0,0.13503850113166446,0,0.20431646941316683,0,0.07071913901287509,0,0.10485292361634525,0,0.060570836
1104,0,0.10314428445489274,0,0.16935440730189036,0,0.426448602300473,0,0.1689128521907427,0,0.22020860510720242,0,0.1823297
1105,1,0.9299879566439181,1,0.8732095199211238,1,0.7453581682970065,1,0.7888130825540505,1,0.8408800046681304,1,0.85763466
1106,1,0.616871704745167,0,0.19265471788827318,1,0.578615141962569,0,0.39820047156968363,0,0.27267581269229396,0,0.29325986
1107,0,0.43504225352112674,0,0.35731546839366024,0,0.48557575004345976,0,0.3305479590952544,0,0.3712218877436412,0,0.39468765
1108,1,0.8010041077133728,1,0.5968662490704887,1,0.6045844872076405,1,0.6651747419705083,1,0.6028158212307215,1,0.6885933
1109,0,0.13868036349269064,0,0.21196046812422872,0,0.4157790473327884,0,0.20686544211127608,0,0.17563784566296345,0,0.12213658
1110,1,0.985077691833801,1,0.9466776262814209,1,0.9437127137057542,1,0.9544858798631111,1,0.9232152412374139,1,0.9368581
1111,0,0.0,0,0.14181448588348378,0,0.34051925363774366,0,0.10752237786938273,0,0.14244025122955775,0,0.12271694
1112,1,0.985077691833801,1,0.9108171863158905,1,0.8437257764135249,1,0.8572241640692781,1,0.9064141675142164,1,0.90837353
1113,0,0.2200789289270829,0,0.14529821955875527,0,0.33119705363616714,0,0.1220596024904653,0,0.1341679586298971,0,0.11332668
1114,1,0.985077691833801,1,0.9255588314158377,1,0.8593663921030734,1,0.902320800798487,1,0.8826798989586826,1,0.8656959
1115,0,0.2200789289270829,0,0.14886232280794118,0,0.35328390990796527,0,0.13083794187321784,0,0.15593691391266165,0,0.13167545
1116,1,0.9299879566439181,1,0.9148439989726774,1,0.9687252978809615,1,0.8441466058338317,1,0.9097719004741011,1,0.9207528
1117,1,0.8010041077133728,1,0.7022035658218554,1,0.836357406274514,1,0.6978897165746388,1,0.7487247645799529,1,0.8025406
1118,0,0.2200789289270829,0,0.14732609563802992,0,0.35328390990796527,0,0.1298767907380775,0,0.15593691391266165,0,0.1480519
1119,1,0.8010041077133728,1,0.6031109987741599,1,0.5808986969113239,1,0.6414635323931824,1,0.5600558735882346,1,0.5975622
1120,0,0.2200789289270829,0,0.14400723738567256,0,0.3434790955485822,0,0.10817493674208735,0,0.14244025122955775,0,0.10740138
1121,0,0.445997458703939,0,0.1745554609707971,0,0.3434790955485822,0,0.1828253243920286,0,0.14776577109473138,0,0.21221703
1122,0,0.10314428445489274,0,0.1704994324091527,0,0.426448602300473,0,0.19321954558985635,0,0.22020860510720242,0,0.17702782
1123,1,0.9299879566439181,1,0.8760721533021132,1,0.8370635529607412,1,0.8428181601903414,1,0.8435591522983065,1,0.85381836
1124,0,0.2200789289270829,0,0.13833124001680325,0,0.2136293589510815,0,0.1238698766312178,0,0.10985026194187285,0,0.073750064
1125,0,0.1077458303489205,0,0.14797688123016972,0,0.32433908320495397,0,0.11540378884417254,0,0.12757402265324863,0,0.09723709
1126,0,0.43504225352112674,0,0.4150243329443811,0,0.4889807003745091,0,0.36856864410822043,0,0.3995146681968218,0,0.41838202
1127,0,0.2200789289270829,0,0.14529821955875527,0,0.33119705363616714,0,0.1174779433084183,0,0.1341679586298971,0,0.109388895
1128,0,0.43504225352112674,0,0.40382622790419,0,0.4550315970482858,0,0.3398364345793403,0,0.3283850265050473,0,0.33191696
1129,0,0.1077458303489205,0,0.19810691198646077,0,0.334222795505453,0,0.12749570610742594,0,0.1486653142255571,0,0.1319798
1130,1,0.985077691833801,1,0.8674433959515064,1,0.8284164951381424,1,0.8266602623183522,1,0.8260368605788055,1,0.8258728
1131,1,0.985077691833801,1,0.9464723650342824,1,0.9437127137057542,1,0.9654265725524919,1,0.9265186820606092,1,0.9488301
1132,1,0.9299879566439181,1,0.9126043088135581,1,0.9687252978809615,1,0.8494221671865346,1,0.9097719004741011,1,0.9183204
1133,1,0.9299879566439181,1,0.8778607395971666,1,0.8419203705173732,1,0.881174133759779,1,0.845127841989417,1,0.88441277
1134,0,0.43504225352112674,1,0.5083985980424477,0,0.4536936141943495,0,0.38230349473726805,0,0.38571253397303834,0,0.40982383
1135,0,0.1077458303489205,0,0.1405401820532678,0,0.32433908320495397,0,0.09323155947345124,0,0.12535159339818455,0,0.08555314
1136,1,0.9299879566439181,1,0.6872082293529,1,0.7325087883042636,1,0.534244853414095,1,0.6880664718886217,1,0.6976648
1137,0,0.43504225352112674,0,0.3235897139117269,0,0.48557575004345976,0,0.3520979340672816,0,0.3712218877436412,0,0.31972292
1138,1,0.9299879566439181,1,0.8836448437108746,1,0.7453581682970065,1,0.8590922648181192,1,0.8498747139079605,1,0.8593304
1139,0,0.13868036349269064,0,0.15926584303776986,0,0.39529390144861654,0,0.19910178525709052,0,0.16067960489917987,0,0.13804059
1140,1,0.9299879566439181,1,0.8784966515490107,1,0.7453581682970065,1,0.7998229792275351,1,0.8498747139079605,1,0.85700154
1141,1,0.8010041077133728,1,0.6738897399788584,1,0.836357406274514,1,0.5727915177955173,1,0.7383843246256007,1,0.69453174
1142,1,0.9299879566439181,1,0.8674433959515064,1,0.8284164951381424,1,0.8868069711352711,1,0.8306011214561079,1,0.83543396
1143,0,0.445997458703939,0,0.15460844012092936,0,0.35328390990796527,0,0.20636354989429637,0,0.15593691391266165,0,0.2310646
1144,1,0.8985338608331394,0,0.41953531900232927,1,0.5134816909565905,0,0.4593103201574003,0,0.42528977130725376,1,0.57734215
1145,0,0.2200789289270829,0,0.14630924640800524,0,0.35328390990796527,0,0.12380098926584755,0,0.15593691391266165,0,0.13390498
1146,0,0.1077458303489205,0,0.1437925593645469,0,0.33119705363616714,0,0.1236141492375486,0,0.1341679586298971,0,0.13249034
1147,0,0.0,0,0.13936249243017892,0,0.34051925363774366,0,0.08829847429754609,0,0.14244025122955775,0,0.08922342
1148,0,0.12281315605318405,0,0.140262960757763,0,0.31883699117961845,0,0.09764867333866246,0,0.12445823878780006,0,0.08393252
1149,0,0.2200789289270829,0,0.14479488427244988,0,0.33119705363616714,0,0.1255293786408382,0,0.1341679586298971,0,0.14258742
1150,1,0.985077691833801,1,0.8776737706500847,1,0.8284164951381424,1,0.8625406912367578,1,0.8260368605788055,1,0.85304457
1151,0,0.2200789289270829,0,0.14630924640800524,0,0.35328390990796527,0,0.1268102042144918,0,0.15593691391266165,0,0.13197994
1152,0,0.445997458703939,0,0.14196492724608262,0,0.3434790955485822,0,0.14364219103158476,0,0.13594302229816776,0,0.16307548
1153,0,0.2200789289270829,0,0.14886232280794118,0,0.35328390990796527,0,0.12148571911944916,0,0.15593691391266165,0,0.12752396
1154,1,0.9299879566439181,1,0.8885598927320381,1,0.7453581682970065,1,0.8397832905180813,1,0.8498747139079605,1,0.88725245
1155,1,0.5868910935235759,1,0.5816008050072174,1,0.6045844872076405,1,0.5785417272516634,1,0.5848847369558223,1,0.50578827
1156,0,0.445997458703939,0,0.24437141847580665,1,0.6461438402399714,0,0.24123500325434893,0,0.27866141571276215,0,0.43509617
1157,0,0.12281315605318405,0,0.13694612901381925,0,0.31883699117961845,0,0.08910822449794892,0,0.12228248071251298,0,0.084631115
1158,0,0.445997458703939,0,0.23164098443557668,0,0.22073455696497438,0,0.19725385037396156,0,0.11978162078294488,0,0.14194363
1159,0,0.0,0,0.139850031734643,0,0.34051925363774366,0,0.08829847429754609,0,0.14244025122955775,0,0.09067553
1160,1,0.5868910935235759,1,0.585246392892503,1,0.6045844872076405,1,0.5594075873148838,1,0.5979890725514057,1,0.55598533
1161,0,0.1077458303489205,0,0.1400506285191192,0,0.32433908320495397,0,0.10495681277365684,0,0.12535159339818455,0,0.105828285
1162,0,0.43504225352112674,0,0.43297043842957095,0,0.4582950894862967,0,0.3447892501280906,0,0.43771426185797874,0,0.45485693
1163,0,0.12281315605318405,0,0.14075313502599052,0,0.31883699117961845,0,0.0948932318012924,0,0.12445823878780006,0,0.08149892
1164,1,0.985077691833801,1,0.9480079593600509,1,0.9524523704837152,1,0.9710109724886068,1,0.9423978122792751,1,0.95052475
1165,1,0.8010041077133728,1,0.5741097907129218,1,0.5808986969113239,1,0.5396174324469264,1,0.5466524518032247,1,0.54005593
1166,0,0.2200789289270829,0,0.19581462144109532,0,0.32733283645200084,0,0.14121370237429623,0,0.13904929795418985,0,0.14336933
1167,1,0.9299879566439181,1,0.8763137201895018,1,0.8419203705173732,1,0.8280100920011695,1,0.8498747139079605,1,0.8435749
1168,0,0.2200789289270829,0,0.17430451650869508,0,0.35328390990796527,0,0.14160435930874984,0,0.16167191173628154,0,0.16633902
1169,0,0.2200789289270829,0,0.1587231073245543,0,0.3217003027538313,0,0.1306306843527619,0,0.12696592909633275,0,0.10095886
1170,0,0.1077458303489205,0,0.16121605058102895,0,0.33119705363616714,0,0.10808762918973587,0,0.13923441157469235,0,0.12756571
1171,0,0.2200789289270829,0,0.17255896215893737,0,0.35328390990796527,0,0.13340815221888047,0,0.16167191173628154,0,0.12169348
1172,1,0.5868910935235759,1,0.5960227155086304,1,0.5808986969113239,1,0.5139499554187668,1,0.55509300499251,0,0.45954436
1173,1,0.985077691833801,1,0.686693763931616,1,0.7348665523944228,1,0.6374895038875474,1,0.6464916672444683,1,0.73247
1174,1,0.8010041077133728,1,0.5919736038691723,1,0.5808986969113239,1,0.6395500368676502,1,0.5600558735882346,1,0.613427
1175,1,0.8010041077133728,1,0.6697828452903658,1,0.6078378995407936,1,0.577527164145896,1,0.6135713489022699,1,0.650535
1176,1,0.5868910935235759,1,0.5806127821683582,1,0.6045844872076405,1,0.5270383798986054,1,0.5848847369558223,0,0.4674985
1177,0,0.1077458303489205,0,0.1410311661995895,0,0.3217003027538313,0,0.08750560857542321,0,0.12228248071251298,0,0.09124552
1178,0,0.445997458703939,0,0.15063456475709297,0,0.3434790955485822,0,0.1510041965179578,0,0.14244025122955775,0,0.17731978
1179,1,0.8985338608331394,0,0.35309915390265456,1,0.5100764258369624,0,0.4249474152855228,0,0.3963765468299796,0,0.43745267
1180,0,0.2200789289270829,0,0.29589658641769423,0,0.2837202977295801,0,0.23811404363954242,0,0.14534871977295608,0,0.2508346
1181,0,0.1077458303489205,0,0.13956250336853696,0,0.32433908320495397,0,0.12707857993280422,0,0.12535159339818455,0,0.10712468
1182,0,0.10314428445489274,0,0.23777251438769356,0,0.426448602300473,0,0.28849364389591686,0,0.22020860510720242,0,0.29470617
1183,1,0.8010041077133728,1,0.6238677723826844,0,0.4561614868871313,1,0.6792638485490099,1,0.5462813507748064,1,0.65880156
1184,0,0.1077458303489205,0,0.19327060376861144,0,0.32733283645200084,0,0.1260190305498175,0,0.13904929795418985,0,0.11869432
1185,0,0.28699918233851185,0,0.4410531377638257,1,0.5816145998607996,0,0.4452050333088425,0,0.40863614420021127,0,0.3487445
1186,0,0.2200789289270829,0,0.14400723738567256,0,0.3434790955485822,0,0.12048165300371413,0,0.14244025122955775,0,0.13356487
1187,0,0.1077458303489205,0,0.14429299825238476,0,0.33119705363616714,0,0.10648214448943734,0,0.1341679586298971,0,0.12686302
1188,1,0.985077691833801,1,0.905895069525726,1,0.8303450489663087,1,0.889230494612394,1,0.846756402020592,1,0.8711974
1189,0,0.12281315605318405,0,0.16885254747566855,0,0.2076655091986681,0,0.1105407419577948,0,0.1294607694482255,0,0.07398242
1190,1,0.8985338608331394,0,0.2352590394336436,0,0.4340785402115858,0,0.2946364124090023,0,0.23391233582567136,0,0.35786918
1191,0,0.1077458303489205,0,0.1437925593645469,0,0.33119705363616714,0,0.11722142419393054,0,0.1341679586298971,0,0.11930055
1192,0,0.2200789289270829,0,0.14681694218048366,0,0.35328390990796527,0,0.1272053928370054,0,0.15593691391266165,0,0.16086851
1193,0,0.1077458303489205,0,0.33381909401240023,0,0.42150662351682777,0,0.36924403134419337,0,0.3018115043343636,0,0.27273643
1194,0,0.2200789289270829,0,0.1704994324091527,0,0.3393083398789739,0,0.12739146464690207,0,0.11860825930473193,0,0.09838083
1195,0,0.1077458303489205,0,0.14279601439220233,0,0.33119705363616714,0,0.11089924427318827,0,0.1341679586298971,0,0.11203669
1196,1,0.8010041077133728,1,0.6137475368707156,1,0.6045844872076405,1,0.7106717624087313,1,0.6028158212307215,1,0.76245767
1197,1,0.9299879566439181,1,0.9310088747874927,1,0.9001005531790774,1,0.8928976794850664,1,0.8571878422431977,1,0.8902537
1198,1,0.8985338608331394,0,0.3403023739563965,1,0.5054401450956766,0,0.4381652331502826,0,0.3531547825655195,0,0.40191725
1199,1,0.985077691833801,1,0.6954507289022019,1,0.7348665523944228,1,0.566473734567463,1,0.6587857723967375,1,0.70357543
1200,0,0.43504225352112674,0,0.33842733721517765,0,0.44706428331841636,0,0.29652854905278747,0,0.2651045781761259,0,0.18757237
1201,1,0.5868910935235759,1,0.5953610545772045,1,0.6045844872076405,0,0.49513149924930827,1,0.5848847369558223,0,0.42351162
1202,0,0.1077458303489205,0,0.14152358317609762,0,0.32433908320495397,0,0.10465832421967095,0,0.12535159339818455,0,0.109099895
1203,0,0.1077458303489205,0,0.19875250060663027,0,0.334222795505453,0,0.12581750949039636,0,0.1486653142255571,0,0.14365232
1204,0,0.12281315605318405,0,0.1359894966050126,0,0.31883699117961845,0,0.07531199569251835,0,0.12228248071251298,0,0.071065485
1205,1,0.8010041077133728,1,0.6001926601018781,1,0.5808986969113239,1,0.6050097500128514,1,0.5600558735882346,1,0.59094566
1206,1,0.985077691833801,1,0.9462034987743863,1,0.9437127137057542,1,0.9443483643309436,1,0.9232152412374139,1,0.9417765
1207,1,0.8010041077133728,1,0.6011662412198523,1,0.5808986969113239,1,0.6265619998416757,1,0.5600558735882346,1,0.6084874
1208,0,0.43504225352112674,0,0.43237660244019327,0,0.4550315970482858,0,0.36390256616538696,0,0.4260487711019054,0,0.30659276
1209,0,0.2200789289270829,0,0.17313927133358367,0,0.35328390990796527,0,0.1363417399910187,0,0.16167191173628154,0,0.12833852
1210,0,0.2200789289270829,0,0.14681694218048366,0,0.35328390990796527,0,0.12663403846285579,0,0.15593691391266165,0,0.15449846
1211,0,0.10314428445489274,0,0.15735371679225682,0,0.2975918334913514,0,0.16569056603124346,0,0.23391233582567136,0,0.13376543
1212,0,0.2200789289270829,0,0.14783670885544453,0,0.35328390990796527,0,0.13155545525804074,0,0.15593691391266165,0,0.15682998
1213,0,0.2200789289270829,0,0.2989249814344088,0,0.29008814998223037,0,0.24885182304211043,0,0.15532178286174111,0,0.2861882
1214,0,0.1077458303489205,0,0.2576186384013177,0,0.4257788802331077,0,0.3428986056756901,0,0.2931619797705905,0,0.28756368
1215,1,0.8985338608331394,0,0.22946737664397687,0,0.4101439369591476,0,0.35091722008666915,0,0.2038873616185128,0,0.34363502
1216,1,0.985077691833801,1,0.8726972277486376,1,0.8232318961408496,1,0.9056893718118656,1,0.8189321280544487,1,0.9090374
1217,0,0.1077458303489205,0,0.141311996421108,0,0.2136293589510815,0,0.1090629339478325,0,0.11526678119144396,0,0.09252834
1218,1,0.985077691833801,1,0.9155423772519838,1,0.8593663921030734,1,0.8751288474576459,1,0.8859631857080321,1,0.88444847
1219,0,0.13868036349269064,0,0.32158725721621984,1,0.7106091354493067,0,0.35212114729985056,0,0.3890973357304212,1,0.5030897
1220,0,0.2200789289270829,0,0.16621718068647537,0,0.35328390990796527,0,0.15116634071004917,0,0.16167191173628154,0,0.13881177
1221,0,0.1077458303489205,0,0.16910940813279476,0,0.33119705363616714,0,0.1441743092599329,0,0.13923441157469235,0,0.115443274
1222,1,0.985077691833801,1,0.88833032578453,1,0.7453581682970065,1,0.8918377387096824,1,0.845127841989417,1,0.89691764
1223,0,0.43504225352112674,0,0.43297043842957095,0,0.4889807003745091,0,0.3975493220354779,1,0.5025050054269644,0,0.47612748
1224,0,0.1077458303489205,0,0.19453945846655973,0,0.32733283645200084,0,0.12047866052586513,0,0.13904929795418985,0,0.11869432
1225,1,0.8010041077133728,1,0.6844852513884242,1,0.836357406274514,1,0.5993475628113042,1,0.7383843246256007,1,0.7472414
1226,0,0.1077458303489205,0,0.14082019487757866,0,0.33119705363616714,0,0.11323856410721858,0,0.1341679586298971,0,0.12373994
1227,0,0.2200789289270829,0,0.3431384289954313,0,0.4257788802331077,0,0.39869699274968623,0,0.2931619797705905,0,0.35172844
1228,0,0.2200789289270829,0,0.17313927133358367,0,0.35328390990796527,0,0.15428814616258435,0,0.16167191173628154,0,0.16859482
1229,0,0.1077458303489205,0,0.19327060376861144,0,0.32062742887273316,0,0.11342899418679256,0,0.11546292545733271,0,0.08723609
1230,0,0.445997458703939,0,0.1696804955089303,0,0.4101439369591476,0,0.19286642616784608,0,0.2038873616185128,0,0.25090903
1231,1,0.985077691833801,1,0.767716913598433,1,0.7180771899429462,0,0.42742053538434166,1,0.6460121746381685,1,0.70183355
1232,0,0.2200789289270829,0,0.17165059937575478,0,0.34620533922041896,0,0.15359746259136994,0,0.15136417814292336,0,0.12979566
1233,0,0.2200789289270829,0,0.14732609563802992,0,0.35328390990796527,0,0.111933309666147,0,0.15593691391266165,0,0.14846462
1234,0,0.13868036349269064,0,0.028719198464720482,0,0.25694360295702384,0,0.1390736147551105,0,0.1174633163240462,0,0.09853855
1235,1,0.985077691833801,1,0.9556327615499856,1,0.9678638341309392,1,0.9508054563518058,1,0.9232152412374139,1,0.9444762
1236,1,0.9299879566439181,1,0.691043398826846,1,0.7348665523944228,1,0.6735354622230365,1,0.6464916672444683,1,0.71720356
1237,1,0.5868910935235759,1,0.5954648796251273,1,0.6045844872076405,1,0.6388966494174121,1,0.5979890725514057,1,0.57738173
1238,0,0.2200789289270829,0,0.17313927133358367,0,0.35328390990796527,0,0.14790403326870777,0,0.16167191173628154,0,0.16197787
1239,1,0.8010041077133728,1,0.7013540990731105,1,0.836357406274514,1,0.6663685333087819,1,0.7487247645799529,1,0.7965457
1240,0,0.1077458303489205,0,0.16740533168644398,0,0.33119705363616714,0,0.1541146652835434,0,0.13923441157469235,0,0.13845445
1241,1,0.9299879566439181,1,0.8772373289450396,1,0.8284164951381424,1,0.8673127589921954,1,0.8260368605788055,1,0.86287063
1242,1,0.985077691833801,1,0.9496892968605737,1,0.9678638341309392,1,0.964311662054586,1,0.9265186820606092,1,0.9565111
1243,0,0.2200789289270829,0,0.17255896215893737,0,0.35328390990796527,0,0.13536176786925072,0,0.16167191173628154,0,0.14933077
1244,0,0.10314428445489274,0,0.16595606578639294,0,0.40263538597159165,0,0.16463104658054048,0,0.19150293206448746,0,0.18027417
1245,0,0.13868036349269064,0,0.15710390216494413,0,0.39529390144861654,0,0.2140792303606008,0,0.1516126300017152,0,0.13618045
1246,1,0.5868910935235759,1,0.5924242405414792,1,0.6045844872076405,1,0.5627115564596882,1,0.5848847369558223,1,0.5183709
1247,0,0.0,0,0.42377485789806923,0,0.36972536223817426,0,0.31914411422261124,0,0.23224485693919433,0,0.25177997
1248,1,0.985077691833801,1,0.916458854250795,1,0.8337701208110729,1,0.9401940126368606,1,0.8571878422431977,1,0.890062
1249,0,0.12281315605318405,0,0.1359894966050126,0,0.31883699117961845,0,0.08304600856667595,0,0.12228248071251298,0,0.077592075
1250,0,0.12281315605318405,0,0.14272816994164134,0,0.31883699117961845,0,0.10306970562293706,0,0.12445823878780006,0,0.08916546
1251,1,0.5868910935235759,1,0.6095244416691201,1,0.6045844872076405,1,0.5052268171619766,1,0.5848847369558223,1,0.5010136
1252,0,0.2635135135135135,0,0.21831442897520817,0,0.2776550214732152,0,0.15496806216957099,0,0.19131884853923434,0,0.11850151
1253,1,0.985077691833801,1,0.9137403025221534,1,0.907272175680371,1,0.8798641844893063,1,0.9213219734482889,1,0.92847764
1254,1,0.9299879566439181,1,0.8865344062991075,1,0.7453581682970065,1,0.8602659325604788,1,0.8498747139079605,1,0.8803239
1255,0,0.1077458303489205,0,0.14279601439220233,0,0.33119705363616714,0,0.11375983921431694,0,0.1341679586298971,0,0.12537305
1256,1,0.985077691833801,1,0.963168230822207,1,0.9729610180009591,1,0.9745306684421062,1,0.9462940933266425,1,0.95733166
1257,0,0.2635135135135135,0,0.21021411122015976,0,0.27909061278730907,0,0.24880361232189732,0,0.20924165466429454,0,0.11794135
1258,0,0.1077458303489205,0,0.18388999651914914,0,0.32733283645200084,0,0.16754582744168553,0,0.13268281162906456,0,0.10197745
1259,1,0.5868910935235759,1,0.617326480988578,1,0.6045844872076405,1,0.5952568119241394,1,0.6056804141071234,1,0.58423597
1260,1,0.985077691833801,1,0.9152889810262473,1,0.9687252978809615,1,0.9188311626825814,1,0.9097719004741011,1,0.9464799
1261,0,0.2200789289270829,0,0.23768913881948758,0,0.35640390383308296,0,0.19983100685214594,0,0.24808685377896927,0,0.27897897
1262,0,0.1077458303489205,0,0.15903264437843384,0,0.33119705363616714,0,0.15342824318581377,0,0.13923441157469235,0,0.10677242
1263,1,0.985077691833801,1,0.9626034374436948,1,0.8581563981930059,1,0.9817671407970593,1,0.9083615720969599,1,0.9471073
1264,0,0.0,0,0.3591817985567113,0,0.15056937134027454,0,0.2468155305246153,0,0.09027292143248823,0,0.14140487
1265,0,0.2200789289270829,0,0.16764836018399315,0,0.3217003027538313,0,0.14308016226338438,0,0.11953044926249783,0,0.13448778
1266,1,0.985077691833801,1,0.9183369147367559,1,0.9001005531790774,1,0.9514731495706799,1,0.8571878422431977,1,0.896791
1267,1,0.985077691833801,1,0.9104474616619596,1,0.8389138149116664,1,0.9001530525438654,1,0.8501291553622579,1,0.9274906
1268,1,0.5868910935235759,1,0.5611909320389069,1,0.5808986969113239,0,0.43767598101745264,1,0.541662122142589,0,0.3940273
1269,0,0.2200789289270829,0,0.17430451650869508,0,0.35328390990796527,0,0.13118462088844873,0,0.16167191173628154,0,0.12513195
1270,0,0.43504225352112674,0,0.33136253649380565,0,0.45165410933503175,0,0.23480138199851258,0,0.3025911704052188,0,0.2252532
1271,0,0.2635135135135135,0,0.2630339902694643,0,0.42182329003929403,0,0.1971222100804473,0,0.21036455930555972,0,0.16027121
1272,0,0.2200789289270829,0,0.14848935719436335,0,0.32433908320495397,0,0.13351683132952205,0,0.12757402265324863,0,0.102744885
1273,0,0.1077458303489205,0,0.14929724326277632,0,0.33119705363616714,0,0.11787867952938848,0,0.13652230000992413,0,0.12082067
1274,1,0.5868910935235759,1,0.5944867690019133,1,0.6045844872076405,1,0.5879188900472916,1,0.5979890725514057,1,0.51200026
1275,1,0.5868910935235759,1,0.5939626634644869,1,0.6045844872076405,1,0.5222111725541498,1,0.5848847369558223,0,0.4818125
1276,0,0.2200789289270829,0,0.17222848960314555,0,0.34620533922041896,0,0.19394217460783628,0,0.15136417814292336,0,0.15648802
1277,1,0.985077691833801,1,0.8686385677516698,1,0.8284164951381424,1,0.8591575560205239,1,0.8306011214561079,1,0.8593541
1278,0,0.2200789289270829,0,0.14937732763112005,0,0.35328390990796527,0,0.12801590989579714,0,0.15593691391266165,0,0.14771661
1279,0,0.12281315605318405,0,0.1580174114079306,0,0.31883699117961845,0,0.1520295143389815,0,0.11953044926249783,0,0.113556065
1280,0,0.1077458303489205,0,0.1508503880757476,0,0.33119705363616714,0,0.1233682510609238,0,0.13652230000992413,0,0.11202568
1281,0,0.0,0,0.2750910196565647,0,0.41199755937637056,0,0.1836387988192121,0,0.18962457541729924,0,0.13630228
1282,1,0.8985338608331394,0,0.36722743364079385,1,0.5100764258369624,0,0.41976830533161374,0,0.3963765468299796,0,0.48393032
1283,1,0.985077691833801,1,0.9253807497165275,1,0.9001005531790774,1,0.9456001740329412,1,0.8571878422431977,1,0.9127257
1284,1,0.9299879566439181,1,0.6988784568219311,1,0.7348665523944228,1,0.5626962389411531,1,0.6587857723967375,1,0.7307279
1285,0,0.12281315605318405,0,0.16651863838387812,0,0.3217003027538313,0,0.14457188264844964,0,0.11953044926249783,0,0.12856969
1286,0,0.2200789289270829,0,0.027474562436738233,0,0.3509765928808758,0,0.09345643418730268,0,0.13779638838519556,0,0.083138004
1287,1,0.985077691833801,1,0.9240539938681311,1,0.8569936101022017,1,0.9618995026491504,1,0.8909165521800712,1,0.90296304
1288,0,0.1077458303489205,0,0.1508503880757476,0,0.33119705363616714,0,0.11491838679067115,0,0.13652230000992413,0,0.11593236
1289,1,0.985077691833801,1,0.954817633928612,1,0.9678638341309392,1,0.9714410712056379,1,0.9265186820606092,1,0.9469975
1290,0,0.2200789289270829,0,0.14937732763112005,0,0.35328390990796527,0,0.12659722185309494,0,0.15593691391266165,0,0.13167545
1291,0,0.2200789289270829,0,0.15294188767515335,0,0.35328390990796527,0,0.1365122062220781,0,0.1586032767592159,0,0.17573142
1292,1,0.985077691833801,1,0.9233896026215662,1,0.76864508656511,1,0.9570621796778409,1,0.8909165521800712,1,0.9138583
1293,0,0.1077458303489205,0,0.15549816207646713,0,0.3217003027538313,0,0.13682606279690346,0,0.12696592909633275,0,0.11149198
1294,1,0.985077691833801,1,0.9142034895492704,1,0.9037873460867336,1,0.9187692253390404,1,0.9022034396636928,1,0.93718886
1295,0,0.10314428445489274,0,0.22834211374620703,0,0.40263538597159165,0,0.23583500795121376,0,0.19150293206448746,0,0.21424823
1296,0,0.43504225352112674,0,0.4179836038622816,0,0.4889807003745091,0,0.39624831751854916,0,0.4853021635090813,0,0.3700017
1297,0,0.445997458703939,0,0.3619573114024899,1,0.7125236728063257,0,0.4275324106822385,1,0.7452371207688535,1,0.5011124
1298,0,0.2200789289270829,0,0.16397928378473503,0,0.35328390990796527,0,0.1418344236466501,0,0.16167191173628154,0,0.12281712
1299,0,0.43504225352112674,0,0.4160100867379754,0,0.4504356424836496,0,0.3378009042342015,0,0.2890272581055931,0,0.2638933
1300,1,0.8010041077133728,1,0.6118213531369762,1,0.6045844872076405,1,0.6980371576806619,1,0.6028158212307215,1,0.72354484
1301,1,0.5868910935235759,1,0.5786348036953897,1,0.6045844872076405,1,0.5322574771477064,1,0.5848847369558223,0,0.46981412
1302,1,0.8010041077133728,1,0.592953625775266,1,0.5808986969113239,1,0.649300962901821,1,0.5600558735882346,1,0.613427
1303,1,0.985077691833801,1,0.9279048212919061,1,0.8501413201753796,1,0.9691831585317092,1,0.892856422370137,1,0.93859005
1304,1,0.5868910935235759,1,0.6038161263390802,1,0.6045844872076405,1,0.5709757012953427,1,0.5979890725514057,1,0.5793378
1305,0,0.12281315605318405,0,0.13551329541155202,0,0.31883699117961845,0,0.10768203724584557,0,0.12228248071251298,0,0.09390044
1306,0,0.28699918233851185,1,0.7795245764540314,1,0.742332805868282,1,0.8843231237818525,1,0.9113000607016,1,0.8144626
1307,0,0.2200789289270829,0,0.14551476344815992,0,0.3434790955485822,0,0.09453625602329258,0,0.14244025122955775,0,0.11361155
1308,0,0.12281315605318405,0,0.1359894966050126,0,0.31883699117961845,0,0.09639326819717828,0,0.12228248071251298,0,0.09390044
1309,1,0.9299879566439181,1,0.7510221029633897,1,0.7351707104177035,1,0.5192942159004467,1,0.6670454984656814,1,0.72072935
