dataset,model,repeat,R2,MSE,MAE,RMSE,alpha,n_selected
y1_no_noise,OLS,0,1.0,1.8488927466117464e-31,3.515706244646329e-16,4.2998752849492583e-16,,
y1_no_noise,Ridge,0,0.999999999688114,7.097721291226594e-11,7.375170202476393e-06,8.424797499778017e-06,0.001,
y1_no_noise,Lasso,0,0.9999999290293459,1.6151093392258218e-08,0.0001003813534823141,0.00012708695209288096,0.0001,2.0
y1_no_noise,LARS,0,1.0,2.1416340981586063e-31,3.9320398788807626e-16,4.627779271052808e-16,0.0,2.0
y1_no_noise,OLS,1,1.0,4.1600086798764294e-32,1.249000902703301e-16,2.0396099332657776e-16,,
y1_no_noise,Ridge,1,0.9999999996806397,1.01914836491491e-10,9.1271686805533e-06,1.0095287835990166e-05,0.001,
y1_no_noise,Lasso,1,0.9999999506815017,1.57386079511424e-08,9.857626309522916e-05,0.0001254536087609376,0.0001,2.0
y1_no_noise,LARS,1,1.0,3.9545761524751245e-32,1.3415194880887307e-16,1.9886116142864912e-16,0.0,2.0
y1_no_noise,OLS,2,1.0,3.749143625073819e-32,1.1564823173178715e-16,1.9362705454232937e-16,,
y1_no_noise,Ridge,2,0.9999999996841473,9.44889063899679e-11,8.400116486030155e-06,9.720540437134548e-06,0.001,
y1_no_noise,Lasso,2,0.999999926944427,2.1854939308874743e-08,0.00011002465241398418,0.00014783416150834265,0.0001,2.0
y1_no_noise,LARS,2,1.0,6.727915272392744e-32,2.0816681711721685e-16,2.593822521375112e-16,0.0,2.0
y1_no_noise,OLS,3,1.0,2.1570415377137042e-32,1.0177044392397268e-16,1.4686870114880517e-16,,
y1_no_noise,Ridge,3,0.9999999996229306,1.0774547706870644e-10,8.996068335723195e-06,1.0380051881792616e-05,0.001,
y1_no_noise,Lasso,3,0.9999999209933551,2.2575706512372942e-08,0.0001279096749838097,0.00015025214312073203,0.0001,2.0
y1_no_noise,LARS,3,1.0,1.951609010312399e-32,8.326672684688674e-17,1.3970000036909087e-16,0.0,2.0
y1_no_noise,OLS,4,1.0,4.416799339128061e-32,1.295260195396016e-16,2.101618266747808e-16,,
y1_no_noise,Ridge,4,0.9999999996790389,1.1428346923583262e-10,9.770909198625333e-06,1.069034467338788e-05,0.001,
y1_no_noise,Lasso,4,0.9999999200931087,2.84521613792777e-08,0.00013453319001545394,0.00016867768488830316,0.0001,2.0
y1_no_noise,LARS,4,1.0,2.8760553836182724e-32,1.0177044392397268e-16,1.6958936828758672e-16,0.0,2.0
y1_no_noise,OLS,5,1.0,1.011755197451428e-31,2.7292982688701767e-16,3.18080995573679e-16,,
y1_no_noise,Ridge,5,0.999999999658524,1.3337883550768405e-10,1.0139291244405194e-05,1.1548975517667532e-05,0.001,
y1_no_noise,Lasso,5,0.9999999214272451,3.0690130584396724e-08,0.0001446528533985645,0.0001751859885504452,0.0001,2.0
y1_no_noise,LARS,5,1.0,4.673589998379692e-32,1.4340380734741606e-16,2.161848745490695e-16,0.0,2.0
y1_no_noise,OLS,6,1.0,1.3866695599588098e-31,2.6830389761774615e-16,3.7238012298709097e-16,,
y1_no_noise,Ridge,6,0.9999999996692903,9.491916150446861e-11,8.250488017956062e-06,9.742646534924103e-06,0.001,
y1_no_noise,Lasso,6,0.9999999264497443,2.1110145158456113e-08,0.00011231316180202826,0.0001452933073422727,0.0001,2.0
y1_no_noise,LARS,6,1.0,2.2083996695640305e-32,6.938893903907228e-17,1.4860685278828935e-16,0.0,2.0
y1_no_noise,OLS,7,1.0,4.3654412072777344e-32,1.249000902703301e-16,2.089363828364446e-16,,
y1_no_noise,Ridge,7,0.99999999968861,8.43274834188672e-11,8.129903081762388e-06,9.182999696116036e-06,0.001,
y1_no_noise,Lasso,7,0.9999999354846327,1.7471394031128197e-08,0.00010752138198197776,0.00013217940093345935,0.0001,2.0
y1_no_noise,LARS,7,1.0,5.598036371685566e-32,1.7115938296304497e-16,2.3660169846570343e-16,0.0,2.0
y1_no_noise,OLS,8,1.0,2.619264724366641e-32,8.789265611615822e-17,1.6184142622847344e-16,,
y1_no_noise,Ridge,8,0.9999999996232083,1.3810588278332946e-10,1.027016657036602e-05,1.1751845930888026e-05,0.001,
y1_no_noise,Lasso,8,0.9999998938294687,3.891479881627676e-08,0.00016527913965804866,0.00019726834215422594,0.0001,2.0
y1_no_noise,LARS,8,1.0,8.628166150854817e-32,2.220446049250313e-16,2.9373740229761033e-16,0.0,2.0
y1_no_noise,OLS,9,1.0,1.0322984501915584e-31,2.0816681711721685e-16,3.212940164695817e-16,,
y1_no_noise,Ridge,9,0.9999999996453771,8.23237131374501e-11,7.4747898734933704e-06,9.073241600301962e-06,0.001,
y1_no_noise,Lasso,9,0.9999999023139499,2.267727109731011e-08,0.00011963851130670129,0.00015058974432978533,0.0001,2.0
y1_no_noise,LARS,9,1.0,3.0814879110195774e-33,1.850371707708594e-17,5.551115123125783e-17,0.0,2.0
y1_no_noise,OLS,10,1.0,2.0543252740130517e-32,7.401486830834377e-17,1.4332917616497527e-16,,
y1_no_noise,Ridge,10,0.99999999967619,6.952423803829225e-11,6.945395392333557e-06,8.338119574477944e-06,0.001,
y1_no_noise,Lasso,10,0.9999999415551738,1.2548506578663618e-08,9.281123166446359e-05,0.00011202011684810732,0.0001,2.0
y1_no_noise,LARS,10,1.0,2.516548460665988e-32,7.864079757761526e-17,1.586363281428938e-16,0.0,2.0
y1_no_noise,OLS,11,1.0,3.389636702121535e-32,1.2027416100105862e-16,1.8410966031475738e-16,,
y1_no_noise,Ridge,11,0.9999999996691991,9.239491065673848e-11,8.186743355393747e-06,9.61222714342199e-06,0.001,
y1_no_noise,Lasso,11,0.9999999441629276,1.5595667164864113e-08,0.00010048401429450331,0.00012488261354113355,0.0001,2.0
y1_no_noise,LARS,11,1.0,3.543711097672514e-32,1.3415194880887307e-16,1.8824747269678055e-16,0.0,2.0
y1_no_noise,OLS,12,1.0,1.756448109281159e-31,2.9605947323337506e-16,4.1910000110727263e-16,,
y1_no_noise,Ridge,12,0.9999999996536503,1.253447283578043e-10,1.0339137364909212e-05,1.1195745993805161e-05,0.001,
y1_no_noise,Lasso,12,0.9999999232491874,2.7776286638629218e-08,0.00013729111637335775,0.00016666219318918498,0.0001,2.0
y1_no_noise,LARS,12,1.0,9.501254392310363e-32,2.4517425127138875e-16,3.0824104840709263e-16,0.0,2.0
y1_no_noise,OLS,13,1.0,3.338278570271209e-32,1.1564823173178715e-16,1.827095665330967e-16,,
y1_no_noise,Ridge,13,0.9999999996804321,7.301699486452123e-11,7.246237585092907e-06,8.544998236659925e-06,0.001,
y1_no_noise,Lasso,13,0.9999999193221475,1.843380830250325e-08,0.00010804517809063589,0.00013577116152741438,0.0001,2.0
y1_no_noise,LARS,13,1.0,3.492352965822188e-32,1.2027416100105862e-16,1.868783819980842e-16,0.0,2.0
y1_no_noise,OLS,14,1.0,9.449896260460038e-32,2.4054832200211723e-16,3.074068356504136e-16,,
y1_no_noise,Ridge,14,0.9999999996801432,7.477885965335515e-11,7.360772668117225e-06,8.647477068680503e-06,0.001,
y1_no_noise,Lasso,14,0.9999999421534409,1.352386107327123e-08,9.260761230527974e-05,0.00011629213676457764,0.0001,2.0
y1_no_noise,LARS,14,1.0,6.36840834944046e-32,1.942890293094024e-16,2.523570555669181e-16,0.0,2.0
y1_no_noise,OLS,15,1.0,8.679524282705143e-32,2.0816681711721685e-16,2.946103236939456e-16,,
y1_no_noise,Ridge,15,0.999999999693647,7.294346471497388e-11,7.322401993622996e-06,8.540694627193614e-06,0.001,
y1_no_noise,Lasso,15,0.9999999248112729,1.7902631413854382e-08,0.00010642431027141352,0.00013380071529649752,0.0001,2.0
y1_no_noise,LARS,15,1.0,6.830631536093397e-32,1.8041124150158794e-16,2.613547691566656e-16,0.0,2.0
y1_no_noise,OLS,16,1.0,2.7733391199176196e-32,1.0177044392397268e-16,1.6653345369377348e-16,,
y1_no_noise,Ridge,16,0.9999999996576876,9.209054803588409e-11,7.881234867066858e-06,9.596382028446142e-06,0.001,
y1_no_noise,Lasso,16,0.9999999469155905,1.428102748859172e-08,9.189310125130394e-05,0.00011950325304606449,0.0001,2.0
y1_no_noise,LARS,16,1.0,2.619264724366641e-32,1.1564823173178715e-16,1.6184142622847344e-16,0.0,2.0
y1_no_noise,OLS,17,1.0,4.776306262080345e-32,1.5265566588595902e-16,2.1854762094519229e-16,,
y1_no_noise,Ridge,17,0.9999999996614126,8.645640695768976e-11,7.956555815609908e-06,9.29819374705054e-06,0.001,
y1_no_noise,Lasso,17,0.999999939599649,1.542289303166312e-08,9.43313843692802e-05,0.00012418894085893125,0.0001,2.0
y1_no_noise,LARS,17,1.0,3.59506922952284e-32,1.295260195396016e-16,1.896066778761455e-16,0.0,2.0
y1_no_noise,OLS,18,1.0,1.011755197451428e-31,2.544261098099317e-16,3.18080995573679e-16,,
y1_no_noise,Ridge,18,0.9999999996898854,9.381977270398093e-11,8.639309652521318e-06,9.686060742323523e-06,0.001,
y1_no_noise,Lasso,18,0.9999999493697274,1.5317305090373223e-08,0.00010026209470318885,0.00012376310068179942,0.0001,2.0
y1_no_noise,LARS,18,1.0,1.0477058897466563e-31,2.312964634635743e-16,3.236828524569469e-16,0.0,2.0
y1_no_noise,OLS,19,1.0,1.3969411863288751e-31,2.868076146948321e-16,3.737567639961684e-16,,
y1_no_noise,Ridge,19,0.9999999996751634,1.3789764661473342e-10,1.0458540674186204e-05,1.1742982867003316e-05,0.001,
y1_no_noise,Lasso,19,0.9999999240008494,3.22626891589525e-08,0.00015013840756443464,0.00017961817602612633,0.0001,2.0
y1_no_noise,LARS,19,1.0,1.5561513950648866e-31,3.3769283665681843e-16,3.9448084808579573e-16,0.0,2.0
y1_no_noise,OLS,20,1.0,3.2869204384208823e-32,9.251858538542972e-17,1.8129866073473578e-16,,
y1_no_noise,Ridge,20,0.9999999996633125,9.816682202817554e-11,8.503637161270486e-06,9.907917138741903e-06,0.001,
y1_no_noise,Lasso,20,0.9999999596919292,1.1752488911137666e-08,8.565127088067115e-05,0.00010840889682649513,0.0001,2.0
y1_no_noise,LARS,20,1.0,1.232595164407831e-32,3.700743415417188e-17,1.1102230246251565e-16,0.0,2.0
y1_no_noise,OLS,21,1.0,3.9545761524751245e-32,1.4340380734741606e-16,1.9886116142864912e-16,,
y1_no_noise,Ridge,21,0.9999999996582574,7.173013530664846e-11,6.950997263416303e-06,8.469364516104409e-06,0.001,
y1_no_noise,Lasso,21,0.9999999086767849,1.9168303024846223e-08,0.00010836907998632017,0.00013844964075376368,0.0001,2.0
y1_no_noise,LARS,21,1.0,5.187171316882955e-32,1.7115938296304497e-16,2.2775362383248605e-16,0.0,2.0
y1_no_noise,OLS,22,1.0,3.749143625073819e-32,1.1564823173178715e-16,1.9362705454232937e-16,,
y1_no_noise,Ridge,22,0.9999999996876338,8.830279787570636e-11,7.745672981789483e-06,9.396956841217605e-06,0.001,
y1_no_noise,Lasso,22,0.9999999413623158,1.6576285690760498e-08,0.0001003803240276907,0.00012874892500817434,0.0001,2.0
y1_no_noise,LARS,22,1.0,4.57087373467904e-32,1.3415194880887307e-16,2.137960180798286e-16,0.0,2.0
y1_no_noise,OLS,23,1.0,5.289887580583608e-32,1.5265566588595902e-16,2.299975560866595e-16,,
y1_no_noise,Ridge,23,0.9999999996601713,1.0213171587125348e-10,8.467595568106834e-06,1.0106023741870662e-05,0.001,
y1_no_noise,Lasso,23,0.999999948772498,1.5395851316839917e-08,9.711065351100667e-05,0.00012408001981318312,0.0001,2.0
y1_no_noise,LARS,23,1.0,2.9787716473189246e-32,1.0177044392397268e-16,1.725911830690932e-16,0.0,2.0
y1_no_noise,OLS,24,1.0,4.468157470978387e-32,1.3415194880887307e-16,2.1138016631127878e-16,,
y1_no_noise,Ridge,24,0.999999999682958,1.1318366248963926e-10,9.546975653251799e-06,1.0638781062210052e-05,0.001,
y1_no_noise,Lasso,24,0.9999999496183491,1.798620180872967e-08,0.00011397250060550534,0.0001341126459687142,0.0001,2.0
y1_no_noise,LARS,24,1.0,6.830631536093397e-32,1.8041124150158794e-16,2.613547691566656e-16,0.0,2.0
y2_noisy,OLS,0,0.8663746782149239,0.2579783097125586,0.4059616310728136,0.5079156521633869,,
y2_noisy,Ridge,0,0.869671652029682,0.25161314089174264,0.4033586737016564,0.5016105470300067,0.4893900918477494,
y2_noisy,Lasso,0,0.9008347435238495,0.19144938179514126,0.35059414221603774,0.43754929070350607,0.01743328822199989,13.0
y2_noisy,LARS,0,0.9088489155133939,0.17597714557531952,0.3341281843362041,0.4194962998350754,0.055628301690320923,5.0
y2_noisy,OLS,1,0.8640086996965749,0.1867492806648804,0.3804241879912465,0.43214497644295297,,
y2_noisy,Ridge,1,0.8661058928886367,0.18386932202665143,0.37716995672530756,0.42879986243777113,1.2689610031679222,
y2_noisy,Lasso,1,0.8838943429914293,0.15944143396743302,0.35517842038839764,0.39930118202609044,0.03856620421163472,6.0
y2_noisy,LARS,1,0.8850317594862073,0.1578794832268914,0.3514397055222438,0.3973405129443654,5.0,5.0
y2_noisy,OLS,2,0.8739625611531631,0.18502611466417987,0.33723124207700944,0.4301466199613567,,
y2_noisy,Ridge,2,0.884482087960478,0.16958318603066133,0.31879572837750036,0.41180479117011415,2.0433597178569416,
y2_noisy,Lasso,2,0.8862421016334959,0.16699944190943974,0.31760483934043443,0.40865565199742404,0.03856620421163472,5.0
y2_noisy,LARS,2,0.8860412931981512,0.16729423371831467,0.31960270647981687,0.4090161778197956,0.033879606112200616,5.0
y2_noisy,OLS,3,0.875418306457223,0.18514080619605303,0.36513651766578725,0.43027991609654875,,
y2_noisy,Ridge,3,0.868994920334983,0.19468659780765685,0.3697195608169475,0.4412330425156947,2.0433597178569416,
y2_noisy,Lasso,3,0.905700489279138,0.14013846611227043,0.3044739596323456,0.37435072607418624,0.03856620421163472,8.0
y2_noisy,LARS,3,0.906737574301599,0.13859725446477955,0.30208649495862233,0.3722865220025828,0.040508704542494306,8.0
y2_noisy,OLS,4,0.9018047885109534,0.17167666373505974,0.34078243714142903,0.41433882721157056,,
y2_noisy,Ridge,4,0.9045316630365965,0.1669092141426859,0.33835396390203326,0.40854524124347097,2.0433597178569416,
y2_noisy,Lasso,4,0.9162576810891518,0.14640838087767136,0.2969796856824458,0.3826334811247852,0.05736152510448681,4.0
y2_noisy,LARS,4,0.9236026727454729,0.13356698419857035,0.2807692443413341,0.3654681712523956,5.0,5.0
y2_noisy,OLS,5,0.9024501670797268,0.16900726453623385,0.3307251526034524,0.41110493129641956,,
y2_noisy,Ridge,5,0.8943903806937201,0.18297102448402017,0.33859335394657747,0.4277511244684462,2.0433597178569416,
y2_noisy,Lasso,5,0.9377111386100397,0.1079168437243524,0.2608900981480837,0.32850699189568616,0.05736152510448681,5.0
y2_noisy,LARS,5,0.938042298072848,0.1073431025578221,0.261237667809233,0.3276325724921472,0.06937409302110131,5.0
y2_noisy,OLS,6,0.8629687651777203,0.2238711771683358,0.39284817275533396,0.4731502691200078,,
y2_noisy,Ridge,6,0.8655427958077858,0.21966592230095094,0.39435774923726563,0.4686853126575986,2.0433597178569416,
y2_noisy,Lasso,6,0.8935570052795394,0.17389844410508112,0.3430877116529818,0.41701132371325494,0.05736152510448681,3.0
y2_noisy,LARS,6,0.900131237461812,0.1631579651220805,0.3353788363858248,0.4039281682701523,4.0,4.0
y2_noisy,OLS,7,0.9020103838378936,0.13159333661914746,0.2843378661912046,0.36275795872612837,,
y2_noisy,Ridge,7,0.9011506333528201,0.132747922578578,0.29758668251861214,0.3643458831640314,2.0433597178569416,
y2_noisy,Lasso,7,0.9231138154334757,0.10325287477692104,0.2459215302271145,0.3213298535413743,0.05736152510448681,5.0
y2_noisy,LARS,7,0.922175672403724,0.10451273654948667,0.24739721112389698,0.323284296787652,0.06989516216009291,3.0
y2_noisy,OLS,8,0.9019043665449911,0.1790287882377881,0.3586152525371853,0.42311793655881347,,
y2_noisy,Ridge,8,0.9035010276010742,0.1761148125180826,0.34119658128347213,0.4196603537601361,2.0433597178569416,
y2_noisy,Lasso,8,0.9073934748149464,0.16901092742722668,0.32421008896659687,0.4111093862066721,0.05736152510448681,2.0
y2_noisy,LARS,8,0.9086080694998778,0.16679423941589877,0.32808776871827244,0.4084045046469233,4.0,4.0
y2_noisy,OLS,9,0.918196486197392,0.12496045107236568,0.2892043906373953,0.3534974555387431,,
y2_noisy,Ridge,9,0.911537274112011,0.13513285207684714,0.30257045665091514,0.36760420573879066,2.0433597178569416,
y2_noisy,Lasso,9,0.9133102860989439,0.13242445524467109,0.2750836515842669,0.3639017109669465,0.05736152510448681,3.0
y2_noisy,LARS,9,0.9132815876289154,0.13246829411653804,0.2753013050302697,0.36396194047803687,4.0,4.0
y2_noisy,OLS,10,0.8627886330481995,0.15030863429334318,0.29700144817471186,0.38769657503432137,,
y2_noisy,Ridge,10,0.8612099553584506,0.1520380018581958,0.31189849126617203,0.38992050710137804,1.2689610031679222,
y2_noisy,Lasso,10,0.8917401499171358,0.11859360180030531,0.27248789429029446,0.34437421767650567,0.03856620421163472,6.0
y2_noisy,LARS,10,0.891170633288756,0.11921748062697113,0.2729815491193848,0.3452788447428703,0.037653904278213815,6.0
y2_noisy,OLS,11,0.8753949657665616,0.19649723606291683,0.3430544976829813,0.44328008760028553,,
y2_noisy,Ridge,11,0.8645234985093622,0.21364111216013906,0.36883445032331186,0.46221327562083186,2.0433597178569416,
y2_noisy,Lasso,11,0.9332129615564682,0.10532053170818068,0.2723068555572134,0.3245312492013376,0.05736152510448681,6.0
y2_noisy,LARS,11,0.9339446447515463,0.10416669609960344,0.2722550591029692,0.3227486577812578,8.0,8.0
y2_noisy,OLS,12,0.9346706406430969,0.10711906342308246,0.2635471716838177,0.3272904878285992,,
y2_noisy,Ridge,12,0.9392214923585654,0.09965713545781447,0.24017095465057248,0.31568518409614105,2.0433597178569416,
y2_noisy,Lasso,12,0.9060557427761264,0.15403826008489943,0.31803013533097163,0.3924770822416252,0.08531678524172814,2.0
y2_noisy,LARS,12,0.9206171742720444,0.13016221232786143,0.28516094144849763,0.36078000544356864,3.0,3.0
y2_noisy,OLS,13,0.8468515530669625,0.18284375350210955,0.378122808365321,0.42760233102978934,,
y2_noisy,Ridge,13,0.8639982777505761,0.1623722987521308,0.35854034767337967,0.40295446238021837,1.2689610031679222,
y2_noisy,Lasso,13,0.9163745867759558,0.09984028403980309,0.25605994743896837,0.3159751319958631,0.05736152510448681,4.0
y2_noisy,LARS,13,0.9148360429419251,0.10167714974216775,0.25991673623844164,0.3188685461787784,0.0501486229521979,5.0
y2_noisy,OLS,14,0.8725410865014896,0.1639461163362301,0.31872131680370946,0.4049026010489808,,
y2_noisy,Ridge,14,0.8911106458507898,0.14006071629766423,0.28612274104684576,0.37424686544801444,1.2689610031679222,
y2_noisy,Lasso,14,0.9383923624826648,0.07924383340781717,0.22048821859033696,0.28150281243322806,0.05736152510448681,4.0
y2_noisy,LARS,14,0.9382667460731847,0.07940540957316396,0.22055052712570244,0.28178965483701485,4.0,4.0
y2_noisy,OLS,15,0.9335467125211696,0.11328994149301298,0.2876228583688258,0.33658571195612713,,
y2_noisy,Ridge,15,0.9206307605037334,0.13530912976640058,0.31003246495543474,0.3678438932025385,3.2903445623126677,
y2_noisy,Lasso,15,0.9373213830798788,0.1068548617102741,0.27493194003352023,0.326886619044393,0.08531678524172814,3.0
y2_noisy,LARS,15,0.940250367184085,0.10186151299287337,0.2671889047859953,0.3191575049922426,4.0,4.0
y2_noisy,OLS,16,0.8876510355773813,0.1284370436539812,0.2820272536853991,0.35838114299441204,,
y2_noisy,Ridge,16,0.8881900806197403,0.1278208087648328,0.28748934247127184,0.35752036132901965,1.2689610031679222,
y2_noisy,Lasso,16,0.8924739299063507,0.1229235234123681,0.2719827014158563,0.35060451139762605,0.05736152510448681,4.0
y2_noisy,LARS,16,0.8951405834055824,0.11987501207404803,0.26900055372177417,0.3462297099817519,4.0,4.0
y2_noisy,OLS,17,0.8261196691194093,0.16335243853012954,0.3135662512386797,0.40416882429268286,,
y2_noisy,Ridge,17,0.844417992117571,0.1461620198805678,0.2971654136669317,0.38231141740807034,1.2689610031679222,
y2_noisy,Lasso,17,0.8796635587147333,0.11305045848736817,0.2578600511951701,0.3362297703764022,0.05736152510448681,3.0
y2_noisy,LARS,17,0.8814045311315974,0.11141489632649475,0.2558716807847918,0.33378870011804584,0.0648733038546015,3.0
y2_noisy,OLS,18,0.815134391906195,0.1926945816246355,0.3454524029346134,0.4389699097029721,,
y2_noisy,Ridge,18,0.8253429830956589,0.18205366129059194,0.34113989428273,0.4266774675215366,1.2689610031679222,
y2_noisy,Lasso,18,0.8828848812892272,0.12207489015718193,0.2647585761035673,0.34939217243261467,0.05736152510448681,4.0
y2_noisy,LARS,18,0.8806496944017037,0.12440473618200688,0.2676216316227826,0.3527105558131297,0.05131149252169032,4.0
y2_noisy,OLS,19,0.843680990064881,0.2490755118024478,0.4073249494782221,0.4990746555400783,,
y2_noisy,Ridge,19,0.846311556200623,0.2448840215488817,0.4063644833071931,0.49485757703493,1.2689610031679222,
y2_noisy,Lasso,19,0.8967285610962796,0.16455059759011753,0.3330919016900489,0.40564836692647677,0.05736152510448681,4.0
y2_noisy,LARS,19,0.8968324515116239,0.16438506072813255,0.3327176846871857,0.4054442757372862,0.058619763829924044,4.0
y2_noisy,OLS,20,0.7303692746797061,0.2807585269117346,0.4540379802244731,0.5298665180134847,,
y2_noisy,Ridge,20,0.7126295028718092,0.29923042841561187,0.4734106170157994,0.5470195868665142,2.0433597178569416,
y2_noisy,Lasso,20,0.8306652190716532,0.176323316238862,0.35465925954516164,0.4199086998847035,0.03856620421163472,6.0
y2_noisy,LARS,20,0.8243881482264086,0.18285944509338328,0.3635532784022543,0.42762067898241696,0.031677763134578464,8.0
y2_noisy,OLS,21,0.7753192974031842,0.27935793921524416,0.4177866034748394,0.5285432236016693,,
y2_noisy,Ridge,21,0.7797146771409128,0.27389292058476694,0.4164271739087202,0.5233478007833481,0.3039195382313198,
y2_noisy,Lasso,21,0.8506189689381756,0.18573369458508657,0.34439634713316014,0.4309683220204086,0.02592943797404667,12.0
y2_noisy,LARS,21,0.8562086369633641,0.17878375129949808,0.3408220278821827,0.4228282763717418,9.0,9.0
y2_noisy,OLS,22,0.9075417075005622,0.13965996111951187,0.2986021020704295,0.3737110663594428,,
y2_noisy,Ridge,22,0.9047337099054247,0.1439014934294772,0.3038361297560521,0.37934350321242777,2.0433597178569416,
y2_noisy,Lasso,22,0.8914456999345771,0.1639732782928581,0.3080013357042651,0.4049361410060333,0.05736152510448681,3.0
y2_noisy,LARS,22,0.89815548500504,0.1538380238259119,0.30307293198241897,0.3922219063564807,3.0,3.0
y2_noisy,OLS,23,0.876498287907559,0.14858064739888263,0.32854597563074733,0.38546160301498594,,
y2_noisy,Ridge,23,0.8933884533467702,0.12826067228992355,0.305362168469214,0.3581349917139116,2.0433597178569416,
y2_noisy,Lasso,23,0.9250467053938625,0.09017372187458701,0.2431891090743549,0.30028939687339445,0.05736152510448681,5.0
y2_noisy,LARS,23,0.9290833632116461,0.08531735817134432,0.2330247683439767,0.2920913524419104,0.07191371133803162,3.0
y2_noisy,OLS,24,0.8396795495734733,0.209940133536373,0.37888945413612246,0.45819224517267093,,
y2_noisy,Ridge,24,0.8508225447207125,0.19534834638144205,0.37087424183160683,0.4419822919319755,1.2689610031679222,
y2_noisy,Lasso,24,0.927863017417264,0.0944636053356847,0.25969394762011905,0.3073493213522436,0.03856620421163472,7.0
y2_noisy,LARS,24,0.9438822254241078,0.07348640212077111,0.2152492975965716,0.27108375480793956,5.0,5.0
y3_no_multicollinearity,OLS,0,0.9734262090236928,0.0347873608905541,0.1415206847243555,0.18651370161613892,,
y3_no_multicollinearity,Ridge,0,0.9734069433341053,0.0348125813228622,0.1416482706808746,0.1865812994993394,0.02807216203941177,
y3_no_multicollinearity,Lasso,0,0.9734301813922003,0.034782160721071924,0.14152200724644223,0.18649976064615184,0.0001,2.0
y3_no_multicollinearity,LARS,0,0.9734262090236928,0.03478736089055406,0.14152068472435528,0.1865137016161388,0.0,2.0
y3_no_multicollinearity,OLS,1,0.960882312045629,0.048254719444491036,0.18059286940399397,0.21966956877203322,,
y3_no_multicollinearity,Ridge,1,0.9608806640337796,0.04825675239565954,0.18059622701632547,0.219674196016873,0.001,
y3_no_multicollinearity,Lasso,1,0.9608883107245353,0.04824731960613662,0.18056721281621566,0.2196527250141382,0.0001,2.0
y3_no_multicollinearity,LARS,1,0.960882312045629,0.048254719444490994,0.18059286940399386,0.21966956877203314,8.074349270001139e-17,2.0
y3_no_multicollinearity,OLS,2,0.9700853407283004,0.04429625629082586,0.17999931290472856,0.2104667581610594,,
y3_no_multicollinearity,Ridge,2,0.9700843721933277,0.04429769045302002,0.17998413479015327,0.2104701652325574,0.006723357536499335,
y3_no_multicollinearity,Lasso,2,0.9700209846144893,0.04439155187435121,0.17999273762722212,0.21069302758836422,0.001082636733874054,2.0
y3_no_multicollinearity,LARS,2,0.9700853407283004,0.044296256290825904,0.17999931290472881,0.2104667581610595,0.0,2.0
y3_no_multicollinearity,OLS,3,0.9759538265484115,0.03470725909003022,0.1433013455024447,0.1862988435015908,,
y3_no_multicollinearity,Ridge,3,0.9759527437523278,0.03470882195342271,0.1433017733085572,0.18630303796079845,0.001,
y3_no_multicollinearity,Lasso,3,0.9755623838119266,0.03527225145779466,0.14367020983610143,0.18780908246885894,0.005298316906283713,2.0
y3_no_multicollinearity,LARS,3,0.9759538265484113,0.034707259090030286,0.1433013455024448,0.18629884350159098,0.0,2.0
y3_no_multicollinearity,OLS,4,0.9752611725043682,0.037893614023169396,0.1680389857335369,0.19466282136856383,,
y3_no_multicollinearity,Ridge,4,0.9752616615072629,0.03789286499466538,0.1680355458011251,0.1946608974464707,0.001,
y3_no_multicollinearity,Lasso,4,0.9754662624837089,0.037579468151925845,0.16644259398990977,0.19385424460642034,0.005298316906283713,2.0
y3_no_multicollinearity,LARS,4,0.9752611725043683,0.03789361402316933,0.1680389857335367,0.19466282136856367,7.894919286223336e-17,2.0
y3_no_multicollinearity,OLS,5,0.9850275769658934,0.02357837923549917,0.12460113993232891,0.15355252923836574,,
y3_no_multicollinearity,Ridge,5,0.9850279000874207,0.023577870387873637,0.12459623023486562,0.1535508723123175,0.001,
y3_no_multicollinearity,Lasso,5,0.9850371051723473,0.023563374338516765,0.12445689276270148,0.15350366229675683,0.00032903445623126676,2.0
y3_no_multicollinearity,LARS,5,0.9850275769658935,0.02357837923549913,0.12460113993232858,0.15355252923836563,7.894919286223336e-17,2.0
y3_no_multicollinearity,OLS,6,0.9702260794561244,0.04031531325468318,0.1615053601774462,0.200786735753842,,
y3_no_multicollinearity,Ridge,6,0.9702173545329046,0.040327127218256216,0.16154841994291255,0.2008161527822307,0.04520353656360243,
y3_no_multicollinearity,Lasso,6,0.9702163521152087,0.0403284845397873,0.16153612555772978,0.20081953226662816,0.0001,2.0
y3_no_multicollinearity,LARS,6,0.9702260794561244,0.040315313254683245,0.16150536017744632,0.20078673575384218,0.0,2.0
y3_no_multicollinearity,OLS,7,0.9758007470900715,0.033979879369630005,0.14944331372500222,0.18433632135211445,,
y3_no_multicollinearity,Ridge,7,0.9757993611369655,0.033981825484228095,0.14944912276331254,0.18434159998282562,0.001,
y3_no_multicollinearity,Lasso,7,0.9757935403204219,0.03398999890366058,0.149481874103176,0.18436376787118605,0.0001,2.0
y3_no_multicollinearity,LARS,7,0.9758007470900715,0.03397987936962989,0.14944331372500186,0.18433632135211414,0.0,2.0
y3_no_multicollinearity,OLS,8,0.9893696625092556,0.019111436014387764,0.10608368554074787,0.1382441174675717,,
y3_no_multicollinearity,Ridge,8,0.9893692318518797,0.019112210258939197,0.10608540953959482,0.13824691771948913,0.001,
y3_no_multicollinearity,Lasso,8,0.9893653796529781,0.019119135820134952,0.10610428300132897,0.13827196324683813,0.0001,2.0
y3_no_multicollinearity,LARS,8,0.9893696625092555,0.019111436014387823,0.1060836855407481,0.13824411746757193,0.0,2.0
y3_no_multicollinearity,OLS,9,0.976886321065732,0.030627986668999962,0.13810712545656242,0.1750085331319589,,
y3_no_multicollinearity,Ridge,9,0.9775610495326814,0.029733902497038806,0.13666413102229927,0.17243521246264873,0.04520353656360243,
y3_no_multicollinearity,Lasso,9,0.9775384845769954,0.02976380336932764,0.13676107472890053,0.17252189243492444,0.0001,2.0
y3_no_multicollinearity,LARS,9,0.977530960626393,0.02977377337277896,0.13678472702449182,0.1725507849091941,0.0,2.0
y3_no_multicollinearity,OLS,10,0.9697845566512641,0.028863261553024683,0.1355715580341779,0.16989191138198628,,
y3_no_multicollinearity,Ridge,10,0.9641198673692633,0.034274448358259636,0.14897169876068983,0.18513359597398749,0.04520353656360243,
y3_no_multicollinearity,Lasso,10,0.9641142819704365,0.03427978380296438,0.14900021965345958,0.18514800512823348,0.0001,2.0
y3_no_multicollinearity,LARS,10,0.9640979639815894,0.034295371539827174,0.1490389993449578,0.18519009568502084,0.0,2.0
y3_no_multicollinearity,OLS,11,0.9676560988430019,0.04143083049255709,0.16009857819184428,0.20354564719629128,,
y3_no_multicollinearity,Ridge,11,0.9676563787922772,0.04143047189230926,0.16009655675056467,0.20354476631028678,0.001,
y3_no_multicollinearity,Lasso,11,0.9676523291135128,0.04143565931709202,0.1600943148094177,0.2035575086237106,0.0001,2.0
y3_no_multicollinearity,LARS,11,0.9676560988430019,0.04143083049255703,0.16009857819184423,0.20354564719629117,0.0,2.0
y3_no_multicollinearity,OLS,12,0.973092838353528,0.03817042552195254,0.17031536725395494,0.1953725301109461,,
y3_no_multicollinearity,Ridge,12,0.9732647445471468,0.03792655986839518,0.169518859831846,0.1947474258325259,0.11721022975334805,
y3_no_multicollinearity,Lasso,12,0.9731240018437374,0.03812621708043535,0.1701693491039721,0.1952593584964248,0.000221221629107045,2.0
y3_no_multicollinearity,LARS,12,0.973092838353528,0.03817042552195252,0.170315367253955,0.19537253011094605,7.894919286223336e-17,2.0
y3_no_multicollinearity,OLS,13,0.967656043086016,0.035680782517743176,0.15527856657001995,0.18889357458035247,,
y3_no_multicollinearity,Ridge,13,0.9676584055438208,0.03567817633250237,0.15527204640571646,0.18888667589986957,0.001,
y3_no_multicollinearity,Lasso,13,0.9676843535687385,0.035649551330424994,0.15520360158155297,0.18881088774333168,0.0001,2.0
y3_no_multicollinearity,LARS,13,0.9676560430860163,0.035680782517742975,0.15527856657001957,0.18889357458035191,0.0,2.0
y3_no_multicollinearity,OLS,14,0.9726506807645083,0.029461015287230535,0.13134300009301436,0.17164211396749499,,
y3_no_multicollinearity,Ridge,14,0.9726905582793688,0.02941805874908769,0.13124838155527366,0.17151693429247064,0.02807216203941177,
y3_no_multicollinearity,Lasso,14,0.9726640555062182,0.029446607854760925,0.13130664412767293,0.17160013943689242,0.0001,2.0
y3_no_multicollinearity,LARS,14,0.9726506807645083,0.029461015287230535,0.13134300009301444,0.17164211396749499,0.0,2.0
y3_no_multicollinearity,OLS,15,0.9791916075679602,0.028992536092221907,0.1325375693710068,0.17027194746117724,,
y3_no_multicollinearity,Ridge,15,0.9792239430928461,0.028947482690072805,0.13243785490710624,0.17013959765461067,0.04520353656360243,
y3_no_multicollinearity,Lasso,15,0.979197042144986,0.02898496404305556,0.13252489137007464,0.1702497108457326,0.0001,2.0
y3_no_multicollinearity,LARS,15,0.9791916075679602,0.028992536092221938,0.1325375693710069,0.17027194746117735,0.0,2.0
y3_no_multicollinearity,OLS,16,0.9710287883258282,0.031060235872024885,0.14348190366420618,0.17623914398346607,,
y3_no_multicollinearity,Ridge,16,0.9710275231678767,0.031061592256591414,0.14348640175772012,0.1762429920779587,0.001,
y3_no_multicollinearity,Lasso,16,0.9710272913045662,0.031061840838845983,0.14348570989449905,0.17624369730247372,0.0001,2.0
y3_no_multicollinearity,LARS,16,0.9710287883258282,0.031060235872024944,0.1434819036642064,0.17623914398346624,0.0,2.0
y3_no_multicollinearity,OLS,17,0.9709419859380175,0.028108470323955786,0.13970534147497884,0.16765580909695849,,
y3_no_multicollinearity,Ridge,17,0.9709781367793104,0.028073500802380757,0.13968504251727512,0.16755148701930628,0.02807216203941177,
y3_no_multicollinearity,Lasso,17,0.9709568083703841,0.028094132251869488,0.139669385626198,0.16761304320329456,0.0001,2.0
y3_no_multicollinearity,LARS,17,0.9709419859380175,0.02810847032395575,0.13970534147497857,0.16765580909695837,0.0,2.0
y3_no_multicollinearity,OLS,18,0.9681850043269306,0.03490795491355466,0.14181173448430828,0.1868367065476018,,
y3_no_multicollinearity,Ridge,18,0.9681998410096446,0.03489167585268126,0.14176988830590612,0.1867931365245556,0.010826367338740546,
y3_no_multicollinearity,Lasso,18,0.9680605819914798,0.035044473218343565,0.14220879106584108,0.18720169128067077,0.005298316906283713,2.0
y3_no_multicollinearity,LARS,18,0.9681850043269304,0.0349079549135548,0.1418117344843085,0.18683670654760215,0.0,2.0
y3_no_multicollinearity,OLS,19,0.978322046063296,0.036802232972157324,0.15470089062776768,0.1918390809302352,,
y3_no_multicollinearity,Ridge,19,0.978322069993004,0.036802192347166106,0.15469728155066578,0.19183897504721534,0.001,
y3_no_multicollinearity,Lasso,19,0.9781017299338259,0.03717625930083932,0.15451530187811893,0.19281146050180556,0.003562247890262444,2.0
y3_no_multicollinearity,LARS,19,0.9783220460632961,0.03680223297215726,0.15470089062776735,0.19183908093023502,0.0,2.0
y3_no_multicollinearity,OLS,20,0.9563835615318182,0.04180421706693197,0.17281323518440925,0.20446079591680155,,
y3_no_multicollinearity,Ridge,20,0.9563849744961953,0.04180286280987655,0.17280955162964218,0.20445748411314404,0.001,
y3_no_multicollinearity,Lasso,20,0.9562062647839326,0.04197414730411265,0.17245587610850202,0.20487593149053074,0.005298316906283713,2.0
y3_no_multicollinearity,LARS,20,0.9563835615318181,0.04180421706693203,0.1728132351844093,0.2044607959168017,0.0,2.0
y3_no_multicollinearity,OLS,21,0.9864873776176816,0.018201152263245982,0.1102968019873537,0.13491164613644732,,
y3_no_multicollinearity,Ridge,21,0.9864847512810218,0.01820468987068352,0.11026615964806215,0.13492475632990233,0.006723357536499335,
y3_no_multicollinearity,Lasso,21,0.9864823562390141,0.01820791593021687,0.11027196059184019,0.13493671083221523,0.0001,2.0
y3_no_multicollinearity,LARS,21,0.9864873776176816,0.018201152263245996,0.11029680198735385,0.13491164613644738,1.5789838572446671e-16,2.0
y3_no_multicollinearity,OLS,22,0.9770572302990936,0.02797289297607215,0.13097402881459289,0.16725098796740231,,
y3_no_multicollinearity,Ridge,22,0.9770568566165141,0.027973348587270755,0.13097319469427549,0.16725235002017388,0.001,
y3_no_multicollinearity,Lasso,22,0.9770556664353719,0.027974799711531134,0.13095928970078852,0.1672566880920794,0.0001,2.0
y3_no_multicollinearity,LARS,22,0.9770572302990936,0.02797289297607214,0.13097402881459283,0.16725098796740226,0.0,2.0
y3_no_multicollinearity,OLS,23,0.971486394420907,0.035869736087265326,0.1526290706772773,0.1893930729653683,,
y3_no_multicollinearity,Ridge,23,0.9714888201135232,0.03586668459825846,0.15260847373069544,0.1893850168261958,0.006723357536499335,
y3_no_multicollinearity,Lasso,23,0.9716279643534341,0.0356916429975102,0.15193044658339996,0.18892232000880732,0.003562247890262444,2.0
y3_no_multicollinearity,LARS,23,0.971486394420907,0.03586973608726542,0.1526290706772776,0.18939307296536856,0.0,2.0
y3_no_multicollinearity,OLS,24,0.9645317474178813,0.04532907658790275,0.17417579355140275,0.2129062624440689,,
y3_no_multicollinearity,Ridge,24,0.9645319354062736,0.04532883633529352,0.1741770265202027,0.2129056982217562,0.001,
y3_no_multicollinearity,Lasso,24,0.9645316820456435,0.045329160134820246,0.17418063477132076,0.2129064586498499,0.0001,2.0
y3_no_multicollinearity,LARS,24,0.9645317474178814,0.04532907658790273,0.17417579355140275,0.21290626244406888,0.0,2.0
y4_multicollinearity,OLS,0,0.6987952609824586,23.683537555593222,3.6900763338400626,4.866573492262623,,
y4_multicollinearity,Ridge,0,0.846335549873882,12.082538234265803,2.6712629475473775,3.4759945676404334,8.531678524172806,
y4_multicollinearity,Lasso,0,0.8653834383386296,10.58481484757192,2.587232925477682,3.253431242176776,0.4175318936560405,5.0
y4_multicollinearity,LARS,0,0.8880061553234938,8.806004962082747,2.420320230166309,2.9674913583838367,0.8861019568843289,3.0
y4_multicollinearity,OLS,1,0.9125925337552269,10.20448815551459,2.2145181853325613,3.1944464552586553,,
y4_multicollinearity,Ridge,1,0.922804234571621,9.012311050909597,2.298087798520216,3.0020511406219574,13.738237958832638,
y4_multicollinearity,Lasso,1,0.9446624691724764,6.460445567699498,1.953726714811694,2.5417406570497114,0.6210169418915616,4.0
y4_multicollinearity,LARS,1,0.939944503300665,7.011250080465018,2.0313258413395485,2.6478765228886747,4.0,4.0
y4_multicollinearity,OLS,2,0.9536932387619883,7.409854742172636,2.248949449462329,2.7221048367343674,,
y4_multicollinearity,Ridge,2,0.9274416768852654,11.610542828775378,2.7897446463574447,3.4074246622303153,13.738237958832638,
y4_multicollinearity,Lasso,2,0.9497081674244359,8.047532674271675,2.334435679680645,2.836817349473116,0.4175318936560405,5.0
y4_multicollinearity,LARS,2,0.9341493661388782,10.537200584660416,2.657725230512187,3.2461054487894283,3.0,3.0
y4_multicollinearity,OLS,3,0.8661703309928012,19.722922705349742,3.499936621266324,4.441049730114463,,
y4_multicollinearity,Ridge,3,0.8782349080435865,17.944925924736193,3.104141311877344,4.236145172764526,13.738237958832638,
y4_multicollinearity,Lasso,3,0.9162944118451002,12.335970472258458,2.6409618066976046,3.512260023440528,0.6210169418915616,5.0
y4_multicollinearity,LARS,3,0.9137862952404312,12.705599944533612,2.682705590101584,3.5644915408138664,3.0,3.0
y4_multicollinearity,OLS,4,0.8825428711251317,16.467242976992882,2.903255090734206,4.057985088315737,,
y4_multicollinearity,Ridge,4,0.9114357863383007,12.416516897728835,2.6520807893033136,3.523707833763866,8.531678524172806,
y4_multicollinearity,Lasso,4,0.9363718372535303,8.92053488930421,2.1975985390782378,2.9867264503640456,0.4175318936560405,6.0
y4_multicollinearity,LARS,4,0.9365759005983068,8.891925636606475,2.2211354663999505,2.9819332045849842,5.0,5.0
y4_multicollinearity,OLS,5,0.9041107056058322,15.730957667828674,3.2378160020756703,3.966227132657518,,
y4_multicollinearity,Ridge,5,0.9129503443897623,14.280785525177487,3.054256590022733,3.7789926601116184,8.531678524172806,
y4_multicollinearity,Lasso,5,0.9368728220158118,10.356223505792643,2.6352809518447344,3.2181086845836395,0.4175318936560405,4.0
y4_multicollinearity,LARS,5,0.93673965189048,10.378070507769754,2.634484512595893,3.22150128166508,0.39529300787085775,5.0
y4_multicollinearity,OLS,6,0.889732422170515,12.955557640410028,2.6588030461190257,3.59938295273093,,
y4_multicollinearity,Ridge,6,0.914989493445744,9.988053962763479,2.3903676706874033,3.1603882613950267,8.531678524172806,
y4_multicollinearity,Lasso,6,0.9397497692505662,7.078919775759975,2.1707099064907553,2.6606239448219613,0.6210169418915616,5.0
y4_multicollinearity,LARS,6,0.9491808202096852,5.970846788980005,1.9526158592325575,2.443531622259062,5.0,5.0
y4_multicollinearity,OLS,7,0.8761713709496809,15.604491081671279,3.0061289205837767,3.9502520276143493,,
y4_multicollinearity,Ridge,7,0.8987524482710659,12.758895338760368,2.665263671689191,3.5719595936628914,8.531678524172806,
y4_multicollinearity,Lasso,7,0.922737057902065,9.736430905820514,2.493685313250341,3.120325448702509,0.6210169418915616,5.0
y4_multicollinearity,LARS,7,0.9239098798527077,9.588635603477668,2.447953486223668,3.09655221229639,4.0,4.0
y4_multicollinearity,OLS,8,0.9115237909174407,14.642878863976648,3.118716437489621,3.8266014770258803,,
y4_multicollinearity,Ridge,8,0.9248831011011867,12.431903023631312,2.767487449663902,3.525890387353429,13.738237958832638,
y4_multicollinearity,Lasso,8,0.9464803475615601,8.85754256002239,2.3879418180855136,2.976162388046457,0.6210169418915616,3.0
y4_multicollinearity,LARS,8,0.9480064453763385,8.604972228765005,2.319565105402109,2.933423295190281,4.0,4.0
y4_multicollinearity,OLS,9,0.9079459037975927,13.261551410662227,3.0798454590418287,3.641641307249003,,
y4_multicollinearity,Ridge,9,0.9048004907078214,13.714687763291801,3.212932418033741,3.703334681512299,8.531678524172806,
y4_multicollinearity,Lasso,9,0.9184852099707637,11.743231678959056,3.0102807269185132,3.4268398968961264,0.4175318936560405,5.0
y4_multicollinearity,LARS,9,0.916539364747152,12.02355517932103,3.045977527761964,3.467499845612257,4.0,4.0
y4_multicollinearity,OLS,10,0.7841846401008953,20.531472681247287,3.4642776092368073,4.531166812339542,,
y4_multicollinearity,Ridge,10,0.8118169927862483,17.902684375618126,3.188363121262069,4.23115638751608,5.298316906283707,
y4_multicollinearity,Lasso,10,0.8708306367260978,12.28845460560395,2.873386890818203,3.505489210595855,0.4175318936560405,6.0
y4_multicollinearity,LARS,10,0.8859368998921952,10.851328769632607,2.845461978786703,3.2941355117287765,3.0,3.0
y4_multicollinearity,OLS,11,0.7937292612699215,23.75245920620362,4.318813960921146,4.87364947510627,,
y4_multicollinearity,Ridge,11,0.8806790897641064,13.740024737749522,3.124326226538653,3.706753935419712,8.531678524172806,
y4_multicollinearity,Lasso,11,0.8856533357018161,13.167231066458681,3.0651402063094912,3.628667946569193,0.28072162039411785,9.0
y4_multicollinearity,LARS,11,0.8844261939136315,13.308538725720163,3.0531377081417297,3.6480869953607415,3.0,3.0
y4_multicollinearity,OLS,12,0.8707065803987576,17.254562351944035,2.9225638771255205,4.153861137778204,,
y4_multicollinearity,Ridge,12,0.9097267367301163,12.047215199409104,2.536141918826701,3.4709098518125048,8.531678524172806,
y4_multicollinearity,Lasso,12,0.9509857843993249,6.541081841765667,1.7692015193274735,2.557553878565546,0.4175318936560405,6.0
y4_multicollinearity,LARS,12,0.9494591274738194,6.7448184061817225,1.9283238303614165,2.5970788217113707,3.0,3.0
y4_multicollinearity,OLS,13,0.8283267351630047,20.210046553556385,3.437135469300603,4.495558536328538,,
y4_multicollinearity,Ridge,13,0.8640936858962583,15.999421561457792,3.0803536588634355,3.9999276945287137,13.738237958832638,
y4_multicollinearity,Lasso,13,0.9226645614381437,9.104229566897606,2.461628231264856,3.0173215882463715,0.6210169418915616,4.0
y4_multicollinearity,LARS,13,0.9245732583489502,8.879530319401754,2.4299888962936964,2.9798540768637904,4.0,4.0
y4_multicollinearity,OLS,14,0.8553169371668561,17.0193806585304,3.2551842414405834,4.125455206220327,,
y4_multicollinearity,Ridge,14,0.867562626358984,15.57889383370261,3.2966385554961755,3.947010746590717,8.531678524172806,
y4_multicollinearity,Lasso,14,0.9123171601830729,10.314321516584394,2.664566651289311,3.2115917418913,0.4175318936560405,7.0
y4_multicollinearity,LARS,14,0.9058508177715232,11.074971317711997,2.77678645546508,3.3279079491043615,5.0,5.0
y4_multicollinearity,OLS,15,0.8324320933721103,17.07638427237153,3.155242604631541,4.132358197491056,,
y4_multicollinearity,Ridge,15,0.8627930203085831,13.982385751617121,2.996718413948623,3.7393028429932125,5.298316906283707,
y4_multicollinearity,Lasso,15,0.9167831121895426,8.480404051104179,2.391452847253533,2.9121133307452474,0.6210169418915616,5.0
y4_multicollinearity,LARS,15,0.9188910256538713,8.26559239024291,2.414739626197719,2.8749943287323037,4.0,4.0
y4_multicollinearity,OLS,16,0.871811671716956,16.392371059479697,3.3688680231625696,4.048749320404969,,
y4_multicollinearity,Ridge,16,0.8738794610171785,16.12794784766257,3.433537075633432,4.0159616342368825,8.531678524172806,
y4_multicollinearity,Lasso,16,0.9241090276865533,9.704728931949651,2.5295532435248553,3.11524139224389,0.28072162039411785,9.0
y4_multicollinearity,LARS,16,0.9218490850116168,9.993724189138092,2.649766570097641,3.1612852116090524,0.5272538038487807,6.0
y4_multicollinearity,OLS,17,0.907452959676381,12.877575589445692,2.859803713212612,3.588533905294151,,
y4_multicollinearity,Ridge,17,0.8910696169724753,15.157256639640183,3.2757860001716472,3.893232158456542,13.738237958832638,
y4_multicollinearity,Lasso,17,0.9118989815556855,12.258928222410866,2.8624888695726143,3.5012752280291912,0.6210169418915616,4.0
y4_multicollinearity,LARS,17,0.9001341975901138,13.895954044958792,3.0475644173920173,3.727727732139083,3.0,3.0
y4_multicollinearity,OLS,18,0.8816109860891911,15.236067723011445,3.060044490598363,3.9033405850644707,,
y4_multicollinearity,Ridge,18,0.8784237459852011,15.646249415296445,3.292809609374199,3.955534024034738,13.738237958832638,
y4_multicollinearity,Lasso,18,0.9078227698577268,11.862743632828431,2.79613262292953,3.4442333882634073,0.6210169418915616,4.0
y4_multicollinearity,LARS,18,0.9034275641217006,12.428384396599933,2.8626398609019374,3.525391382045394,3.0,3.0
y4_multicollinearity,OLS,19,0.9169396561174296,17.24233306882216,3.435929891160253,4.152388838827857,,
y4_multicollinearity,Ridge,19,0.9012134295331603,20.50690944795555,3.7412166998605723,4.528455525668277,13.738237958832638,
y4_multicollinearity,Lasso,19,0.9339057602694228,13.720372949290535,2.9803853754582943,3.7041021785704746,0.6210169418915616,3.0
y4_multicollinearity,LARS,19,0.9378785997691151,12.895659028294581,2.8939379645501417,3.5910526351328493,4.0,4.0
y4_multicollinearity,OLS,20,0.8282184417978687,19.25193150926231,3.2849917543427942,4.387702304083803,,
y4_multicollinearity,Ridge,20,0.877326040343694,13.748336515228504,2.9776931619482725,3.707874932522469,8.531678524172806,
y4_multicollinearity,Lasso,20,0.9063326084676191,10.497507563127236,2.481273449429178,3.2399857350190966,0.4175318936560405,4.0
y4_multicollinearity,LARS,20,0.9062957643055218,10.5016367682214,2.474255319035523,3.240622898181984,4.0,4.0
y4_multicollinearity,OLS,21,0.872794490989264,16.30444182504472,3.35090630699518,4.037875905107129,,
y4_multicollinearity,Ridge,21,0.8837418248719563,14.901278001262261,3.1433691926060683,3.8602173515570675,5.298316906283707,
y4_multicollinearity,Lasso,21,0.9120381893220937,11.274419136222143,2.880730562026146,3.3577401829537292,0.4175318936560405,5.0
y4_multicollinearity,LARS,21,0.9087260894574458,11.698944300123122,2.9970670487704907,3.420371953475692,4.0,4.0
y4_multicollinearity,OLS,22,0.9334992565549426,7.474073993105509,2.178547275234134,2.733875270217262,,
y4_multicollinearity,Ridge,22,0.9368616870119256,7.096167631007083,2.236912787491901,2.6638632906001547,13.738237958832638,
y4_multicollinearity,Lasso,22,0.9613795901039284,4.340580063526455,1.6606420163124878,2.083405880649869,0.6210169418915616,5.0
y4_multicollinearity,LARS,22,0.9602988002318532,4.462050938232733,1.6785913079328398,2.1123567260840987,4.0,4.0
y4_multicollinearity,OLS,23,0.87265118285705,15.114462039952835,2.9408619762081076,3.8877322490049178,,
y4_multicollinearity,Ridge,23,0.9036511262799328,11.435217280420446,2.638721999416502,3.3815998108026393,8.531678524172806,
y4_multicollinearity,Lasso,23,0.9219852451490755,9.259222639083637,2.385911986561372,3.042897079936099,0.6210169418915616,3.0
y4_multicollinearity,LARS,23,0.9255094635000444,8.840948911213584,2.313870896296751,2.973373321870899,4.0,4.0
y4_multicollinearity,OLS,24,0.8931545314349577,16.312807488747207,3.0458430118662836,4.03891167132276,,
y4_multicollinearity,Ridge,24,0.8842039614247952,17.679350473220655,3.3876469190555585,4.20468197052056,13.738237958832638,
y4_multicollinearity,Lasso,24,0.9358669799613459,9.791614222045007,2.4991751919086216,3.129155512601604,0.4175318936560405,5.0
y4_multicollinearity,LARS,24,0.9373507561392138,9.56507625584934,2.4745654301978193,3.092745747042479,5.0,5.0
